Construct Sequence,WTSequence,Context Sequence,Gene Symbol,Mutation,Mismatch Position,pDNA,A375_RepA,A375_RepB
AAACATCATAAGAGGGCCTT,ATACATCATAAGAGGGCCTT,AAATATACATCATAAGAGGGCCTTTGGGGT,EEF2,rA:dA,3,1051,6162,4012
AAAGGTCGGTTCTACGCCTT,AAAGGTCGGTTCTACGCCTT,CGACAAAGGTCGGTTCTACGCCTTTGGACG,EEF2,0,0,162,194,151
AAAGTCTGGTAGAGCTCCTC,AAAGTCTGGTAGAGCTCCTC,CTGGAAAGTCTGGTAGAGCTCCTCGGGCTC,EEF2,0,0,472,39,8
AACCTCCTGTATCTGGAGCT,AACCTCCTGTATCTGGAGCT,CACCAACCTCCTGTATCTGGAGCTGGGAGA,CD81,0,0,844,3126,2769
AACGCTCCTGCTCGTCCTTC,AACGCTCCTGCTCGTCCTTC,ATGCAACGCTCCTGCTCGTCCTTCCGGGTA,EEF2,0,0,509,31,41
AACGTCATCATCTCCACCTA,AACGTCATCATCTCCACCTA,CGTGAACGTCATCATCTCCACCTACGGCGA,EEF2,0,0,661,125,217
AAGAACAATTTGTGTCCCTC,AAGAACAATTTGTGTCCCTC,GCTCAAGAACAATTTGTGTCCCTCGGGCAG,CD81,0,0,244,657,496
AAGATCGATGACCTCTTCTC,AAGATCGATGACCTCTTCTC,CCAGAAGATCGATGACCTCTTCTCCGGGAA,CD81,0,0,390,750,705
AAGCAGAGCAAGGACGGTGC,AAGCAGAGCAAGGACGGTGC,CATCAAGCAGAGCAAGGACGGTGCCGGCTT,EEF2,0,0,601,106,67
AAGCCCACGGTACCGAGGAC,AAGCCCACGGTACCGAGGAC,CCCAAAGCCCACGGTACCGAGGACAGGATC,EEF2,0,0,310,127,64
AAGCGCAAGGGCCTGAAAGA,AAGCGCAAGGGCCTGAAAGA,CCGCAAGCGCAAGGGCCTGAAAGAAGGCAT,EEF2,0,0,191,11,25
AAGGCGCGGCCCTTCCCCGA,AAGGCGCGGCCCTTCCCCGA,CATGAAGGCGCGGCCCTTCCCCGACGGCCT,EEF2,0,0,296,10,12
AAGTCAGCCACCAGCCCCGA,AAGTCAGCCACCAGCCCCGA,CAGCAAGTCAGCCACCAGCCCCGAAGGGAA,EEF2,0,0,182,58,52
AAGTTCGCCGCCAAGGGGGA,AAGTTCGCCGCCAAGGGGGA,GGCCAAGTTCGCCGCCAAGGGGGAGGGCCA,EEF2,0,0,119,179,142
AATCAGCCACCAGCCCCGAA,AGTCAGCCACCAGCCCCGAA,AGCAAGTCAGCCACCAGCCCCGAAGGGAAG,EEF2,rA:dC,3,256,78,31
AATCATCTCCACCTACGGCG,CATCATCTCCACCTACGGCG,ACGTCATCATCTCCACCTACGGCGAGGGCG,EEF2,rA:dG,2,301,95,84
AATGAGGTTGATGAGGAAGC,AATGAGGTTGATGAGGAAGC,AGTCAATGAGGTTGATGAGGAAGCCGGCAC,EEF2,0,0,145,1,0
ACACACACTGGGGGAACGCC,ACACACACTGGGGGAACGCC,TCAAACACACACTGGGGGAACGCCTGGCCG,EEF2,0,0,255,13,26
ACACATCATAAGAGGGCCTT,ATACATCATAAGAGGGCCTT,AAATATACATCATAAGAGGGCCTTTGGGGT,EEF2,rC:dA,3,515,3034,1522
ACAGCCGGTTGTGCTTGTTG,ACAGCCGGTTGTGCTTGTTG,ATGTACAGCCGGTTGTGCTTGTTGGGGGAC,EEF2,0,0,374,17,19
ACAGGAGGTTGGTGGTCTGC,ACAGGAGGTTGGTGGTCTGC,AGATACAGGAGGTTGGTGGTCTGCGGGTCA,CD81,0,0,164,552,360
ACATAGAAGGTGTTGGGCGC,ACATAGAAGGTGTTGGGCGC,ACCTACATAGAAGGTGTTGGGCGCGGGCTT,CD81,0,0,142,605,370
ACATCATAAGAGGGCCTTTG,ACATCATAAGAGGGCCTTTG,ATATACATCATAAGAGGGCCTTTGGGGTCA,EEF2,0,0,232,12,24
ACATCTCGGCAAACTGCTTC,ACATCTCGGCAAACTGCTTC,ACATACATCTCGGCAAACTGCTTCAGGGTG,EEF2,0,0,754,116,111
ACCAGCTTGGGCAGGTCAGC,ACCAGCTTGGGCAGGTCAGC,CTCCACCAGCTTGGGCAGGTCAGCCGGGTT,EEF2,0,0,227,66,70
ACCCAAAGCCCACGGTACCG,ACCCAAAGCCCACGGTACCG,CCAGACCCAAAGCCCACGGTACCGAGGACA,EEF2,0,0,863,236,134
ACCCCTCCCCCAGATCGCCA,ACCCCTCCCCCAGATCGCCA,CCGCACCCCTCCCCCAGATCGCCAAGGATG,CD81,0,0,783,2347,1500
ACCGGCTGTACATGAAGGCG,ACCGGCTGTACATGAAGGCG,CACAACCGGCTGTACATGAAGGCGCGGCCC,EEF2,0,0,29,13,0
ACCGGGCAGGCACTCACCAA,ACCGGGCAGGCACTCACCAA,CCACACCGGGCAGGCACTCACCAAAGGACT,EEF2,0,0,462,10,17
ACCTACGGCGAGGGCGAGAG,ACCTACGGCGAGGGCGAGAG,CTCCACCTACGGCGAGGGCGAGAGCGGCCC,EEF2,0,0,75,138,55
ACCTCACCTGGATCTCCACA,ACCTCACCTGGATCTCCACA,GTAGACCTCACCTGGATCTCCACAAGGTAG,EEF2,0,0,64,0,1
ACCTGCCCAAGCTGGTGGAG,ACCTGCCCAAGCTGGTGGAG,GCTGACCTGCCCAAGCTGGTGGAGGGGCTG,EEF2,0,0,144,29,49
ACCTGGCCGAGAAGTACGAG,ACCTGGCCGAGAAGTACGAG,CGCTACCTGGCCGAGAAGTACGAGTGGGAC,EEF2,0,0,196,127,78
ACGCTTCACTGATACCCGGA,ACGCTTCACTGATACCCGGA,AGACACGCTTCACTGATACCCGGAAGGACG,EEF2,0,0,343,29,1
ACTCAGCCACCAGCCCCGAA,AGTCAGCCACCAGCCCCGAA,AGCAAGTCAGCCACCAGCCCCGAAGGGAAG,EEF2,rC:dC,3,115,58,80
ACTCGTACAGGAGCTCGCAG,CCTCGTACAGGAGCTCGCAG,GGCCCCTCGTACAGGAGCTCGCAGCGGTAC,EEF2,rA:dG,2,699,55,57
ACTGCAGCTCCAGCAGGGCG,GCTGCAGCTCCAGCAGGGCG,TCCAGCTGCAGCTCCAGCAGGGCGCGGTCC,EEF2,rA:dC,2,390,58,13
ACTGGCGCCTCACCTTGATG,ACTGGCGCCTCACCTTGATG,GGTCACTGGCGCCTCACCTTGATGGGGATG,EEF2,0,0,294,49,23
ACTGTGTGAGGAGAACATGC,ACTGTGTGAGGAGAACATGC,GCGCACTGTGTGAGGAGAACATGCGGGGTG,EEF2,0,0,565,7,10
ACTTGATGGGGATGCAGGCG,CCTTGATGGGGATGCAGGCG,CTCACCTTGATGGGGATGCAGGCGTGGTCC,EEF2,rA:dG,2,72,10,51
ACTTTCTTGGCCCGCTCGGC,ACTTTCTTGGCCCGCTCGGC,CTCTACTTTCTTGGCCCGCTCGGCAGGCCC,EEF2,0,0,431,1304,708
AGAAGAGGTCATCGATCTTC,AGAAGAGGTCATCGATCTTC,CCGGAGAAGAGGTCATCGATCTTCTGGTGG,CD81,0,0,596,2264,1873
AGAAGGCAAACCCCTGCTGA,AGAAGGCAAACCCCTGCTGA,ACAAAGAAGGCAAACCCCTGCTGAAGGTGC,EEF2,0,0,163,4,8
AGACACGCTTCACTGATACC,AGACACGCTTCACTGATACC,GGGGAGACACGCTTCACTGATACCCGGAAG,EEF2,0,0,326,14,17
AGACAGCCACCAGCCCCGAA,AGTCAGCCACCAGCCCCGAA,AGCAAGTCAGCCACCAGCCCCGAAGGGAAG,EEF2,rA:dA,4,608,269,153
AGACATCATAAGAGGGCCTT,ATACATCATAAGAGGGCCTT,AAATATACATCATAAGAGGGCCTTTGGGGT,EEF2,rG:dA,3,769,4515,2998
AGACTCCCTGGTGTGCAAGG,AGACTCCCTGGTGTGCAAGG,TGACAGACTCCCTGGTGTGCAAGGCGGGCA,EEF2,0,0,1081,368,316
AGAGAAACTGGACATCAAAC,AGAGAAACTGGACATCAAAC,TGATAGAGAAACTGGACATCAAACTGGACA,EEF2,0,0,291,29,16
AGAGAAGTCGACATGCCCGG,GGAGAAGTCGACATGCCCGG,CCGAGGAGAAGTCGACATGCCCGGGGGAGT,EEF2,rA:dC,2,438,525,543
AGAGGCAGCGCCGTGCTGTG,AGAGGCAGCGCCGTGCTGTG,GCATAGAGGCAGCGCCGTGCTGTGGGGATG,EEF2,0,0,349,9,43
AGAGGTCATCGATCTTCTGG,AGAGGTCATCGATCTTCTGG,GAGAAGAGGTCATCGATCTTCTGGTGGCAG,CD81,0,0,345,537,536
AGAGGTCCTCCTTCTTCCCA,AGAGGTCCTCCTTCTTCCCA,AGGTAGAGGTCCTCCTTCTTCCCAGGGGTA,EEF2,0,0,537,69,38
AGATCGATGACCTCTTCTCC,AGATCGATGACCTCTTCTCC,CAGAAGATCGATGACCTCTTCTCCGGGAAG,CD81,0,0,419,1094,714
AGATGGGGTCCAGGATCAGC,AGATGGGGTCCAGGATCAGC,TTGAAGATGGGGTCCAGGATCAGCTGGCAG,EEF2,0,0,514,59,5
AGCAAAACTGATAGAGAAAC,AGCAAAACTGATAGAGAAAC,AGACAGCAAAACTGATAGAGAAACTGGACA,EEF2,0,0,42,56,71
AGCCAGCCACCAGCCCCGAA,AGTCAGCCACCAGCCCCGAA,AGCAAGTCAGCCACCAGCCCCGAAGGGAAG,EEF2,rC:dA,4,276,61,94
AGCCGGGTTCTTGGCCTCCA,AGCCGGGTTCTTGGCCTCCA,GGTCAGCCGGGTTCTTGGCCTCCACGGCCA,EEF2,0,0,460,80,25
AGCGAGGACAAGGACAAAGA,AGCGAGGACAAGGACAAAGA,GGACAGCGAGGACAAGGACAAAGAAGGCAA,EEF2,0,0,131,3,45
AGCTGCGGGGCCTCAGTACA,AGCTGCGGGGCCTCAGTACA,CCAGAGCTGCGGGGCCTCAGTACACGGAGC,CD81,0,0,140,601,442
AGCTGGTGGAGGGGCTGAAG,AGCTGGTGGAGGGGCTGAAG,CCCAAGCTGGTGGAGGGGCTGAAGCGGCTG,EEF2,0,0,375,89,59
AGGAATCCCAGTGCCTGCTG,AGGAATCCCAGTGCCTGCTG,ATCCAGGAATCCCAGTGCCTGCTGGGGACG,CD81,0,0,857,3296,2929
AGGACATGATGAAGAAGCTG,AGGACATGATGAAGAAGCTG,GTAGAGGACATGATGAAGAAGCTGTGGGGT,EEF2,0,0,197,8,22
AGGAGAAGTCGACATGCCCG,AGGAGAAGTCGACATGCCCG,TCCGAGGAGAAGTCGACATGCCCGGGGGAG,EEF2,0,0,233,776,779
AGGCCCACAATGTTCCCACA,AGGCCCACAATGTTCCCACA,CACGAGGCCCACAATGTTCCCACAAGGCAC,EEF2,0,0,324,19,15
AGGCCTTGACCACAAACATG,AGGCCTTGACCACAAACATG,AGATAGGCCTTGACCACAAACATGGGGGTG,EEF2,0,0,342,105,50
AGGTACTTTGACCCAGCCAA,AGGTACTTTGACCCAGCCAA,TGCCAGGTACTTTGACCCAGCCAACGGCAA,EEF2,0,0,320,76,156
AGGTGGTCGGTGGCATCTAC,AGGTGGTCGGTGGCATCTAC,GAGCAGGTGGTCGGTGGCATCTACGGGGTT,EEF2,0,0,339,13,12
AGTAAGCCACCAGCCCCGAA,AGTCAGCCACCAGCCCCGAA,AGCAAGTCAGCCACCAGCCCCGAAGGGAAG,EEF2,rA:dG,5,483,1941,1566
AGTCAACCACCAGCCCCGAA,AGTCAGCCACCAGCCCCGAA,AGCAAGTCAGCCACCAGCCCCGAAGGGAAG,EEF2,rA:dC,7,986,285,205
AGTCACCGATGGCGCATTGG,AGTCACCGATGGCGCATTGG,TCCGAGTCACCGATGGCGCATTGGTGGTGG,EEF2,0,0,312,19,28
AGTCAGACACCAGCCCCGAA,AGTCAGCCACCAGCCCCGAA,AGCAAGTCAGCCACCAGCCCCGAAGGGAAG,EEF2,rA:dG,8,166,238,177
AGTCAGCAACCAGCCCCGAA,AGTCAGCCACCAGCCCCGAA,AGCAAGTCAGCCACCAGCCCCGAAGGGAAG,EEF2,rA:dG,9,334,737,689
AGTCAGCCAACAGCCCCGAA,AGTCAGCCACCAGCCCCGAA,AGCAAGTCAGCCACCAGCCCCGAAGGGAAG,EEF2,rA:dG,2,565,126,108
AGTCAGCCACAAGCCCCGAA,AGTCAGCCACCAGCCCCGAA,AGCAAGTCAGCCACCAGCCCCGAAGGGAAG,EEF2,rA:dG,12,308,859,784
AGTCAGCCACCAACCCCGAA,AGTCAGCCACCAGCCCCGAA,AGCAAGTCAGCCACCAGCCCCGAAGGGAAG,EEF2,rA:dC,14,445,361,558
AGTCAGCCACCACCCCCGAA,AGTCAGCCACCAGCCCCGAA,AGCAAGTCAGCCACCAGCCCCGAAGGGAAG,EEF2,rC:dC,14,913,4531,3429
AGTCAGCCACCAGACCCGAA,AGTCAGCCACCAGCCCCGAA,AGCAAGTCAGCCACCAGCCCCGAAGGGAAG,EEF2,rA:dG,15,358,1186,993
AGTCAGCCACCAGCACCGAA,AGTCAGCCACCAGCCCCGAA,AGCAAGTCAGCCACCAGCCCCGAAGGGAAG,EEF2,rA:dG,16,202,521,575
AGTCAGCCACCAGCCACGAA,AGTCAGCCACCAGCCCCGAA,AGCAAGTCAGCCACCAGCCCCGAAGGGAAG,EEF2,rA:dG,17,541,2651,1980
AGTCAGCCACCAGCCCCAAA,AGTCAGCCACCAGCCCCGAA,AGCAAGTCAGCCACCAGCCCCGAAGGGAAG,EEF2,rA:dC,19,599,460,440
AGTCAGCCACCAGCCCCCAA,AGTCAGCCACCAGCCCCGAA,AGCAAGTCAGCCACCAGCCCCGAAGGGAAG,EEF2,rC:dC,19,322,1161,1088
AGTCAGCCACCAGCCCCGAA,AGTCAGCCACCAGCCCCGAA,AGCAAGTCAGCCACCAGCCCCGAAGGGAAG,EEF2,0,0,849,230,197
AGTCAGCCACCAGCCCCGAC,AGTCAGCCACCAGCCCCGAA,AGCAAGTCAGCCACCAGCCCCGAAGGGAAG,EEF2,rC:dT,3,422,1029,902
AGTCAGCCACCAGCCCCGAG,AGTCAGCCACCAGCCCCGAA,AGCAAGTCAGCCACCAGCCCCGAAGGGAAG,EEF2,rG:dT,3,237,153,107
AGTCAGCCACCAGCCCCGAT,AGTCAGCCACCAGCCCCGAA,AGCAAGTCAGCCACCAGCCCCGAAGGGAAG,EEF2,rU:dT,3,353,964,957
AGTCAGCCACCAGCCCCGCA,AGTCAGCCACCAGCCCCGAA,AGCAAGTCAGCCACCAGCCCCGAAGGGAAG,EEF2,rC:dT,20,183,389,315
AGTCAGCCACCAGCCCCGGA,AGTCAGCCACCAGCCCCGAA,AGCAAGTCAGCCACCAGCCCCGAAGGGAAG,EEF2,rG:dT,20,479,328,170
AGTCAGCCACCAGCCCCGTA,AGTCAGCCACCAGCCCCGAA,AGCAAGTCAGCCACCAGCCCCGAAGGGAAG,EEF2,rU:dT,20,336,522,342
AGTCAGCCACCAGCCCGGAA,AGTCAGCCACCAGCCCCGAA,AGCAAGTCAGCCACCAGCCCCGAAGGGAAG,EEF2,rG:dG,18,488,2387,1699
AGTCAGCCACCAGCCCTGAA,AGTCAGCCACCAGCCCCGAA,AGCAAGTCAGCCACCAGCCCCGAAGGGAAG,EEF2,rU:dG,18,485,197,121
AGTCAGCCACCAGCCGCGAA,AGTCAGCCACCAGCCCCGAA,AGCAAGTCAGCCACCAGCCCCGAAGGGAAG,EEF2,rG:dG,17,279,1212,1348
AGTCAGCCACCAGCCTCGAA,AGTCAGCCACCAGCCCCGAA,AGCAAGTCAGCCACCAGCCCCGAAGGGAAG,EEF2,rU:dG,17,136,598,366
AGTCAGCCACCAGCGCCGAA,AGTCAGCCACCAGCCCCGAA,AGCAAGTCAGCCACCAGCCCCGAAGGGAAG,EEF2,rG:dG,16,384,1573,1147
AGTCAGCCACCAGCTCCGAA,AGTCAGCCACCAGCCCCGAA,AGCAAGTCAGCCACCAGCCCCGAAGGGAAG,EEF2,rU:dG,16,287,727,560
AGTCAGCCACCAGGCCCGAA,AGTCAGCCACCAGCCCCGAA,AGCAAGTCAGCCACCAGCCCCGAAGGGAAG,EEF2,rG:dG,15,246,502,560
AGTCAGCCACCATCCCCGAA,AGTCAGCCACCAGCCCCGAA,AGCAAGTCAGCCACCAGCCCCGAAGGGAAG,EEF2,rU:dC,14,658,2440,2064
AGTCAGCCACCCGCCCCGAA,AGTCAGCCACCAGCCCCGAA,AGCAAGTCAGCCACCAGCCCCGAAGGGAAG,EEF2,rC:dT,13,722,367,317
AGTCAGCCACCGGCCCCGAA,AGTCAGCCACCAGCCCCGAA,AGCAAGTCAGCCACCAGCCCCGAAGGGAAG,EEF2,rG:dT,13,377,156,89
AGTCAGCCACCTGCCCCGAA,AGTCAGCCACCAGCCCCGAA,AGCAAGTCAGCCACCAGCCCCGAAGGGAAG,EEF2,rU:dT,13,145,98,184
AGTCAGCCACGAGCCCCGAA,AGTCAGCCACCAGCCCCGAA,AGCAAGTCAGCCACCAGCCCCGAAGGGAAG,EEF2,rG:dG,12,721,541,559
AGTCAGCCACTAGCCCCGAA,AGTCAGCCACCAGCCCCGAA,AGCAAGTCAGCCACCAGCCCCGAAGGGAAG,EEF2,rU:dG,12,415,596,363
AGTCAGCCAGCAGCCCCGAA,AGTCAGCCACCAGCCCCGAA,AGCAAGTCAGCCACCAGCCCCGAAGGGAAG,EEF2,rG:dG,2,346,259,135
AGTCAGCCATCAGCCCCGAA,AGTCAGCCACCAGCCCCGAA,AGCAAGTCAGCCACCAGCCCCGAAGGGAAG,EEF2,rU:dG,2,465,229,194
AGTCAGCCCCCAGCCCCGAA,AGTCAGCCACCAGCCCCGAA,AGCAAGTCAGCCACCAGCCCCGAAGGGAAG,EEF2,rC:dT,10,667,205,161
AGTCAGCGACCAGCCCCGAA,AGTCAGCCACCAGCCCCGAA,AGCAAGTCAGCCACCAGCCCCGAAGGGAAG,EEF2,rG:dG,9,200,90,50
AGTCAGCTACCAGCCCCGAA,AGTCAGCCACCAGCCCCGAA,AGCAAGTCAGCCACCAGCCCCGAAGGGAAG,EEF2,rU:dG,9,300,51,168
AGTCAGGCACCAGCCCCGAA,AGTCAGCCACCAGCCCCGAA,AGCAAGTCAGCCACCAGCCCCGAAGGGAAG,EEF2,rG:dG,8,489,182,187
AGTCAGTCACCAGCCCCGAA,AGTCAGCCACCAGCCCCGAA,AGCAAGTCAGCCACCAGCCCCGAAGGGAAG,EEF2,rU:dG,8,112,24,39
AGTCATCCACCAGCCCCGAA,AGTCAGCCACCAGCCCCGAA,AGCAAGTCAGCCACCAGCCCCGAAGGGAAG,EEF2,rU:dC,7,603,202,184
AGTCCCCCAACAAGCACAAC,AGTCCCCCAACAAGCACAAC,TCCAAGTCCCCCAACAAGCACAACCGGCTG,EEF2,0,0,546,19,35
AGTCCGCCACCAGCCCCGAA,AGTCAGCCACCAGCCCCGAA,AGCAAGTCAGCCACCAGCCCCGAAGGGAAG,EEF2,rC:dT,6,1109,436,503
AGTCGGCCACCAGCCCCGAA,AGTCAGCCACCAGCCCCGAA,AGCAAGTCAGCCACCAGCCCCGAAGGGAAG,EEF2,rG:dT,6,260,87,103
AGTCTACCGTGAAGTTCACC,GGTCTACCGTGAAGTTCACC,ATCTGGTCTACCGTGAAGTTCACCTGGGCA,EEF2,rA:dC,2,454,99,228
AGTCTGCCACCAGCCCCGAA,AGTCAGCCACCAGCCCCGAA,AGCAAGTCAGCCACCAGCCCCGAAGGGAAG,EEF2,rU:dT,6,733,382,329
AGTGAGCCACCAGCCCCGAA,AGTCAGCCACCAGCCCCGAA,AGCAAGTCAGCCACCAGCCCCGAAGGGAAG,EEF2,rG:dG,5,232,248,215
AGTGGTCAAACACACACTGG,AGTGGTCAAACACACACTGG,TGCCAGTGGTCAAACACACACTGGGGGAAC,EEF2,0,0,490,20,53
AGTTAGCCACCAGCCCCGAA,AGTCAGCCACCAGCCCCGAA,AGCAAGTCAGCCACCAGCCCCGAAGGGAAG,EEF2,rU:dG,5,441,232,216
ATAAATCATAAGAGGGCCTT,ATACATCATAAGAGGGCCTT,AAATATACATCATAAGAGGGCCTTTGGGGT,EEF2,rA:dG,5,964,5389,4672
ATACAACATAAGAGGGCCTT,ATACATCATAAGAGGGCCTT,AAATATACATCATAAGAGGGCCTTTGGGGT,EEF2,rA:dA,7,562,2676,1391
ATACACCATAAGAGGGCCTT,ATACATCATAAGAGGGCCTT,AAATATACATCATAAGAGGGCCTTTGGGGT,EEF2,rC:dA,7,338,639,317
ATACAGCATAAGAGGGCCTT,ATACATCATAAGAGGGCCTT,AAATATACATCATAAGAGGGCCTTTGGGGT,EEF2,rG:dA,7,733,4944,3261
ATACATAATAAGAGGGCCTT,ATACATCATAAGAGGGCCTT,AAATATACATCATAAGAGGGCCTTTGGGGT,EEF2,rA:dG,8,1360,6875,5153
ATACATCAAAAGAGGGCCTT,ATACATCATAAGAGGGCCTT,AAATATACATCATAAGAGGGCCTTTGGGGT,EEF2,rA:dA,10,1169,6754,4643
ATACATCACAAGAGGGCCTT,ATACATCATAAGAGGGCCTT,AAATATACATCATAAGAGGGCCTTTGGGGT,EEF2,rC:dA,10,571,1450,737
ATACATCAGAAGAGGGCCTT,ATACATCATAAGAGGGCCTT,AAATATACATCATAAGAGGGCCTTTGGGGT,EEF2,rG:dA,10,173,1430,851
ATACATCATAAAAGGGCCTT,ATACATCATAAGAGGGCCTT,AAATATACATCATAAGAGGGCCTTTGGGGT,EEF2,rA:dC,13,1202,7497,5999
ATACATCATAACAGGGCCTT,ATACATCATAAGAGGGCCTT,AAATATACATCATAAGAGGGCCTTTGGGGT,EEF2,rC:dC,13,1947,12986,10885
ATACATCATAAGAAGGCCTT,ATACATCATAAGAGGGCCTT,AAATATACATCATAAGAGGGCCTTTGGGGT,EEF2,rA:dC,15,2225,13918,10529
ATACATCATAAGACGGCCTT,ATACATCATAAGAGGGCCTT,AAATATACATCATAAGAGGGCCTTTGGGGT,EEF2,rC:dC,15,887,5855,4446
ATACATCATAAGAGAGCCTT,ATACATCATAAGAGGGCCTT,AAATATACATCATAAGAGGGCCTTTGGGGT,EEF2,rA:dC,16,700,3276,2088
ATACATCATAAGAGCGCCTT,ATACATCATAAGAGGGCCTT,AAATATACATCATAAGAGGGCCTTTGGGGT,EEF2,rC:dC,16,1360,8243,6911
ATACATCATAAGAGGACCTT,ATACATCATAAGAGGGCCTT,AAATATACATCATAAGAGGGCCTTTGGGGT,EEF2,rA:dC,17,1461,7078,5358
ATACATCATAAGAGGCCCTT,ATACATCATAAGAGGGCCTT,AAATATACATCATAAGAGGGCCTTTGGGGT,EEF2,rC:dC,17,1137,4883,4600
ATACATCATAAGAGGGACTT,ATACATCATAAGAGGGCCTT,AAATATACATCATAAGAGGGCCTTTGGGGT,EEF2,rA:dG,18,337,1584,902
ATACATCATAAGAGGGCATT,ATACATCATAAGAGGGCCTT,AAATATACATCATAAGAGGGCCTTTGGGGT,EEF2,rA:dG,19,585,2451,2131
ATACATCATAAGAGGGCCAT,ATACATCATAAGAGGGCCTT,AAATATACATCATAAGAGGGCCTTTGGGGT,EEF2,rA:dA,20,229,764,601
ATACATCATAAGAGGGCCCT,ATACATCATAAGAGGGCCTT,AAATATACATCATAAGAGGGCCTTTGGGGT,EEF2,rC:dA,20,365,2205,1798
ATACATCATAAGAGGGCCGT,ATACATCATAAGAGGGCCTT,AAATATACATCATAAGAGGGCCTTTGGGGT,EEF2,rG:dA,20,298,896,731
ATACATCATAAGAGGGCCTA,ATACATCATAAGAGGGCCTT,AAATATACATCATAAGAGGGCCTTTGGGGT,EEF2,rA:dA,3,352,1589,1328
ATACATCATAAGAGGGCCTC,ATACATCATAAGAGGGCCTT,AAATATACATCATAAGAGGGCCTTTGGGGT,EEF2,rC:dA,3,507,2310,2112
ATACATCATAAGAGGGCCTG,ATACATCATAAGAGGGCCTT,AAATATACATCATAAGAGGGCCTTTGGGGT,EEF2,rG:dA,3,302,1218,920
ATACATCATAAGAGGGCCTT,ATACATCATAAGAGGGCCTT,AAATATACATCATAAGAGGGCCTTTGGGGT,EEF2,0,0,761,1238,760
ATACATCATAAGAGGGCGTT,ATACATCATAAGAGGGCCTT,AAATATACATCATAAGAGGGCCTTTGGGGT,EEF2,rG:dG,19,1020,4172,2671
ATACATCATAAGAGGGCTTT,ATACATCATAAGAGGGCCTT,AAATATACATCATAAGAGGGCCTTTGGGGT,EEF2,rU:dG,19,513,2103,1340
ATACATCATAAGAGGGGCTT,ATACATCATAAGAGGGCCTT,AAATATACATCATAAGAGGGCCTTTGGGGT,EEF2,rG:dG,18,425,1873,1432
ATACATCATAAGAGGGTCTT,ATACATCATAAGAGGGCCTT,AAATATACATCATAAGAGGGCCTTTGGGGT,EEF2,rU:dG,18,415,709,546
ATACATCATAAGAGGTCCTT,ATACATCATAAGAGGGCCTT,AAATATACATCATAAGAGGGCCTTTGGGGT,EEF2,rU:dC,17,2110,7184,5738
ATACATCATAAGAGTGCCTT,ATACATCATAAGAGGGCCTT,AAATATACATCATAAGAGGGCCTTTGGGGT,EEF2,rU:dC,16,806,5464,3638
ATACATCATAAGATGGCCTT,ATACATCATAAGAGGGCCTT,AAATATACATCATAAGAGGGCCTTTGGGGT,EEF2,rU:dC,15,1086,6811,5626
ATACATCATAAGCGGGCCTT,ATACATCATAAGAGGGCCTT,AAATATACATCATAAGAGGGCCTTTGGGGT,EEF2,rC:dT,14,1982,12866,10771
ATACATCATAAGGGGGCCTT,ATACATCATAAGAGGGCCTT,AAATATACATCATAAGAGGGCCTTTGGGGT,EEF2,rG:dT,14,896,4401,2630
ATACATCATAAGTGGGCCTT,ATACATCATAAGAGGGCCTT,AAATATACATCATAAGAGGGCCTTTGGGGT,EEF2,rU:dT,14,718,4562,3945
ATACATCATAATAGGGCCTT,ATACATCATAAGAGGGCCTT,AAATATACATCATAAGAGGGCCTTTGGGGT,EEF2,rU:dC,13,1403,8548,6492
ATACATCATACGAGGGCCTT,ATACATCATAAGAGGGCCTT,AAATATACATCATAAGAGGGCCTTTGGGGT,EEF2,rC:dT,12,363,2581,2231
ATACATCATAGGAGGGCCTT,ATACATCATAAGAGGGCCTT,AAATATACATCATAAGAGGGCCTTTGGGGT,EEF2,rG:dT,12,991,5328,3344
ATACATCATATGAGGGCCTT,ATACATCATAAGAGGGCCTT,AAATATACATCATAAGAGGGCCTTTGGGGT,EEF2,rU:dT,12,612,3464,2417
ATACATCATCAGAGGGCCTT,ATACATCATAAGAGGGCCTT,AAATATACATCATAAGAGGGCCTTTGGGGT,EEF2,rC:dT,2,1008,6615,5264
ATACATCATGAGAGGGCCTT,ATACATCATAAGAGGGCCTT,AAATATACATCATAAGAGGGCCTTTGGGGT,EEF2,rG:dT,2,486,1505,814
ATACATCATTAGAGGGCCTT,ATACATCATAAGAGGGCCTT,AAATATACATCATAAGAGGGCCTTTGGGGT,EEF2,rU:dT,2,1558,10122,7032
ATACATCCTAAGAGGGCCTT,ATACATCATAAGAGGGCCTT,AAATATACATCATAAGAGGGCCTTTGGGGT,EEF2,rC:dT,9,1813,9952,5990
ATACATCGTAAGAGGGCCTT,ATACATCATAAGAGGGCCTT,AAATATACATCATAAGAGGGCCTTTGGGGT,EEF2,rG:dT,9,797,2768,1313
ATACATCTTAAGAGGGCCTT,ATACATCATAAGAGGGCCTT,AAATATACATCATAAGAGGGCCTTTGGGGT,EEF2,rU:dT,9,574,3738,1895
ATACATGATAAGAGGGCCTT,ATACATCATAAGAGGGCCTT,AAATATACATCATAAGAGGGCCTTTGGGGT,EEF2,rG:dG,8,466,2284,1294
ATACATTATAAGAGGGCCTT,ATACATCATAAGAGGGCCTT,AAATATACATCATAAGAGGGCCTTTGGGGT,EEF2,rU:dG,8,1100,3907,1913
ATACCTCATAAGAGGGCCTT,ATACATCATAAGAGGGCCTT,AAATATACATCATAAGAGGGCCTTTGGGGT,EEF2,rC:dT,6,484,2890,1728
ATACGTCATAAGAGGGCCTT,ATACATCATAAGAGGGCCTT,AAATATACATCATAAGAGGGCCTTTGGGGT,EEF2,rG:dT,6,484,2084,1366
ATACTTCATAAGAGGGCCTT,ATACATCATAAGAGGGCCTT,AAATATACATCATAAGAGGGCCTTTGGGGT,EEF2,rU:dT,6,1177,7511,5448
ATAGAACTGCTTCACATCCT,ATAGAACTGCTTCACATCCT,GGTCATAGAACTGCTTCACATCCTTGGCGA,CD81,0,0,527,1824,1214
ATAGAGGCAGCGCCGTGCTG,ATAGAGGCAGCGCCGTGCTG,TGGCATAGAGGCAGCGCCGTGCTGTGGGGA,EEF2,0,0,192,36,12
ATAGATCATAAGAGGGCCTT,ATACATCATAAGAGGGCCTT,AAATATACATCATAAGAGGGCCTTTGGGGT,EEF2,rG:dG,5,682,3465,2378
ATAGGCCTTGACCACAAACA,ATAGGCCTTGACCACAAACA,GCAGATAGGCCTTGACCACAAACATGGGGG,EEF2,0,0,247,46,44
ATATATCATAAGAGGGCCTT,ATACATCATAAGAGGGCCTT,AAATATACATCATAAGAGGGCCTTTGGGGT,EEF2,rU:dG,5,728,2899,2018
ATCAACCTCATTGACTCCCC,ATCAACCTCATTGACTCCCC,CCTCATCAACCTCATTGACTCCCCCGGGCA,EEF2,0,0,965,25,7
ATCAAGGACAGTGTGGTGGC,ATCAAGGACAGTGTGGTGGC,CGAGATCAAGGACAGTGTGGTGGCCGGCTT,EEF2,0,0,310,83,24
ATCACCCAGCTGCTCACCTC,ATCACCCAGCTGCTCACCTC,GCACATCACCCAGCTGCTCACCTCTGGATT,EEF2,0,0,270,7,6
ATCAGCTGGCAGAAGGTGCG,ATCAGCTGGCAGAAGGTGCG,CAGGATCAGCTGGCAGAAGGTGCGTGGCAG,EEF2,0,0,377,66,37
ATCAGTGAAGCGTGTCTCCC,ATCAGTGAAGCGTGTCTCCC,GGGTATCAGTGAAGCGTGTCTCCCCGGCCC,EEF2,0,0,914,77,38
ATCATCGCCTCGGCCCGGGC,ATCATCGCCTCGGCCCGGGC,GGGCATCATCGCCTCGGCCCGGGCCGGGGA,EEF2,0,0,363,51,22
ATCATCTCCACCTACGGCGA,ATCATCTCCACCTACGGCGA,CGTCATCATCTCCACCTACGGCGAGGGCGA,EEF2,0,0,301,154,258
ATCCACCACGGCCTGCTGTA,ATCCACCACGGCCTGCTGTA,CATCATCCACCACGGCCTGCTGTAGGGCCT,CD81,0,0,93,839,405
ATCCATCATAAGAGGGCCTT,ATACATCATAAGAGGGCCTT,AAATATACATCATAAGAGGGCCTTTGGGGT,EEF2,rC:dT,4,703,5243,3483
ATCCCAGTGCCTGCTGGGGA,ATCCCAGTGCCTGCTGGGGA,AGGAATCCCAGTGCCTGCTGGGGACGGTAA,CD81,0,0,737,2604,2307
ATCCTCACCGACATCACCAA,ATCCTCACCGACATCACCAA,CAACATCCTCACCGACATCACCAAGGGTGT,EEF2,0,0,1113,6,6
ATCTACATCCTCATCGCTGT,ATCTACATCCTCATCGCTGT,AGGCATCTACATCCTCATCGCTGTGGGCGC,CD81,0,0,673,1261,989
ATCTGGTGCTTTGGGCCCGA,ATCTGGTGCTTTGGGCCCGA,CAAGATCTGGTGCTTTGGGCCCGACGGCAC,EEF2,0,0,372,162,131
ATCTTGTTCATCATCAGCAC,ATCTTGTTCATCATCAGCAC,GTCCATCTTGTTCATCATCAGCACAGGCTT,EEF2,0,0,559,75,15
ATGATGTTCGTTGGCTTCCT,ATGATGTTCGTTGGCTTCCT,TGTCATGATGTTCGTTGGCTTCCTGGGCTG,CD81,0,0,596,2349,1569
ATGCATCATAAGAGGGCCTT,ATACATCATAAGAGGGCCTT,AAATATACATCATAAGAGGGCCTTTGGGGT,EEF2,rG:dT,4,740,5569,3690
ATGCCACCGACCACCTGCTC,ATGCCACCGACCACCTGCTC,GTAGATGCCACCGACCACCTGCTCTGGACA,EEF2,0,0,572,124,116
ATGCGCCATCGGTGACTCGG,ATGCGCCATCGGTGACTCGG,ACCAATGCGCCATCGGTGACTCGGAGGGCA,EEF2,0,0,232,7,14
ATGGCAGCCTCGTCGTCCGG,ATGGCAGCCTCGTCGTCCGG,ACCCATGGCAGCCTCGTCGTCCGGGGGCCC,EEF2,0,0,392,53,23
ATGGGGCCCAACTATACCCC,ATGGGGCCCAACTATACCCC,GATCATGGGGCCCAACTATACCCCTGGGAA,EEF2,0,0,936,284,285
ATGGTGCCAACCTCCGACAA,ATGGTGCCAACCTCCGACAA,CAAAATGGTGCCAACCTCCGACAAAGGTCG,EEF2,0,0,770,222,205
ATGTCCTCGGCCAGGCCGTC,ATGTCCTCGGCCAGGCCGTC,ATCGATGTCCTCGGCCAGGCCGTCGGGGAA,EEF2,0,0,277,509,352
ATGTTGGGGCCGGTGCCGTC,ATGTTGGGGCCGGTGCCGTC,GAGGATGTTGGGGCCGGTGCCGTCGGGCCC,EEF2,0,0,229,80,39
ATTAAAAGCTGTGACCCCAA,ATTAAAAGCTGTGACCCCAA,AGGCATTAAAAGCTGTGACCCCAAAGGCCC,EEF2,0,0,211,48,14
ATTCAGCCACCAGCCCCGAA,AGTCAGCCACCAGCCCCGAA,AGCAAGTCAGCCACCAGCCCCGAAGGGAAG,EEF2,rU:dC,3,607,199,163
ATTCATCATAAGAGGGCCTT,ATACATCATAAGAGGGCCTT,AAATATACATCATAAGAGGGCCTTTGGGGT,EEF2,rU:dT,4,788,5395,4453
ATTGTTCTTGAGCACTGAGG,ATTGTTCTTGAGCACTGAGG,ACAAATTGTTCTTGAGCACTGAGGTGGTCA,CD81,0,0,211,659,475
ATTTGTCCAGGAAGTTGTCC,ATTTGTCCAGGAAGTTGTCC,TACAATTTGTCCAGGAAGTTGTCCAGGGCA,EEF2,0,0,861,626,766
CAAACTGGACAGCGAGGACA,CAAACTGGACAGCGAGGACA,ACATCAAACTGGACAGCGAGGACAAGGACA,EEF2,0,0,322,367,321
CAAATTGTTCTTGAGCACTG,CAAATTGTTCTTGAGCACTG,GACACAAATTGTTCTTGAGCACTGAGGTGG,CD81,0,0,224,438,436
CAACAGCAGCCGCCCCAGCC,CAACAGCAGCCGCCCCAGCC,TCGACAACAGCAGCCGCCCCAGCCAGGTGG,EEF2,0,0,63,36,26
CAACATCTCCACCTACGGCG,CATCATCTCCACCTACGGCG,ACGTCATCATCTCCACCTACGGCGAGGGCG,EEF2,rA:dA,4,643,1693,1454
CAACCTCCTGTATCTGGAGC,CAACCTCCTGTATCTGGAGC,CCACCAACCTCCTGTATCTGGAGCTGGGAG,CD81,0,0,615,2159,1875
CAACGAGATCAAGGACAGTG,CAACGAGATCAAGGACAGTG,ACCTCAACGAGATCAAGGACAGTGTGGTGG,EEF2,0,0,115,75,62
CAACTATACCCCTGGGAAGA,CAACTATACCCCTGGGAAGA,GGCCCAACTATACCCCTGGGAAGAAGGAGG,EEF2,0,0,423,41,89
CAACTGGCCCTCCCCCTTGG,CAACTGGCCCTCCCCCTTGG,GCCCCAACTGGCCCTCCCCCTTGGCGGCGA,EEF2,0,0,1382,624,376
CAACTTCCTGGACAAATTGT,CAACTTCCTGGACAAATTGT,TGGACAACTTCCTGGACAAATTGTAGGCGG,EEF2,0,0,266,107,107
CAAGAACAATTTGTGTCCCT,CAAGAACAATTTGTGTCCCT,TGCTCAAGAACAATTTGTGTCCCTCGGGCA,CD81,0,0,150,313,394
CAAGATGGACCGCGCCCTGC,CAAGATGGACCGCGCCCTGC,TGAACAAGATGGACCGCGCCCTGCTGGAGC,EEF2,0,0,361,61,22
CAAGCAGCGGGCGCGCTACC,CAAGCAGCGGGCGCGCTACC,AGCTCAAGCAGCGGGCGCGCTACCTGGCCG,EEF2,0,0,262,82,35
CAAGGCGGGCATCATCGCCT,CAAGGCGGGCATCATCGCCT,TGTGCAAGGCGGGCATCATCGCCTCGGCCC,EEF2,0,0,296,50,5
CAAGGTAGATGGGCTCCATG,CAAGGTAGATGGGCTCCATG,TCCACAAGGTAGATGGGCTCCATGAGGCGT,EEF2,0,0,165,2,2
CAAGTCCGACCCCATGGTGC,CAAGTCCGACCCCATGGTGC,TGGCCAAGTCCGACCCCATGGTGCAGGTGG,EEF2,0,0,409,86,29
CAAGTTCGCCGCCAAGGGGG,CAAGTTCGCCGCCAAGGGGG,TGGCCAAGTTCGCCGCCAAGGGGGAGGGCC,EEF2,0,0,144,174,221
CACAGCACAGCACCATGCTC,CACAGCACAGCACCATGCTC,ATGCCACAGCACAGCACCATGCTCAGGATC,CD81,0,0,111,484,173
CACAGGCAAACAGGATGACC,CACAGGCAAACAGGATGACC,ACCTCACAGGCAAACAGGATGACCAGGCAG,CD81,0,0,146,375,279
CACAGGGGAGGGCAGGTGGA,CACAGGGGAGGGCAGGTGGA,CCGTCACAGGGGAGGGCAGGTGGATGGTGA,EEF2,0,0,139,12,2
CACCACAGCCTTGGCGTTGT,CACCACAGCCTTGGCGTTGT,TCTTCACCACAGCCTTGGCGTTGTTGGCGT,CD81,0,0,507,3073,1711
CACCACCACCAATGCGCCAT,CACCACCACCAATGCGCCAT,AGTCCACCACCACCAATGCGCCATCGGTGA,EEF2,0,0,94,4,9
CACCAGGGAGTCTGTCAGCG,CACCAGGGAGTCTGTCAGCG,TGCACACCAGGGAGTCTGTCAGCGTGGACT,EEF2,0,0,361,48,37
CACCATCTCCACCTACGGCG,CATCATCTCCACCTACGGCG,ACGTCATCATCTCCACCTACGGCGAGGGCG,EEF2,rC:dA,4,500,1669,1371
CACCCCCATGTTTGTGGTCA,CACCCCCATGTTTGTGGTCA,CCGGCACCCCCATGTTTGTGGTCAAGGCCT,EEF2,0,0,188,873,657
CACCCTTGGTGATGTCGGTG,CACCCTTGGTGATGTCGGTG,TGCACACCCTTGGTGATGTCGGTGAGGATG,EEF2,0,0,329,1406,1318
CACCGATGGCGCATTGGTGG,CACCGATGGCGCATTGGTGG,GAGTCACCGATGGCGCATTGGTGGTGGTGG,EEF2,0,0,122,282,235
CACCTTCTGCCAGCTGATCC,CACCTTCTGCCAGCTGATCC,CACGCACCTTCTGCCAGCTGATCCTGGACC,EEF2,0,0,172,125,35
CACGCCGACGCCATCCACCG,CACGCCGACGCCATCCACCG,CCTGCACGCCGACGCCATCCACCGCGGAGG,EEF2,0,0,404,194,74
CACGTCCCACTCGTACTTCT,CACGTCCCACTCGTACTTCT,CAGCCACGTCCCACTCGTACTTCTCGGCCA,EEF2,0,0,900,153,114
CACTGGCGCCTCACCTTGAT,CACTGGCGCCTCACCTTGAT,TGGTCACTGGCGCCTCACCTTGATGGGGAT,EEF2,0,0,745,449,557
CACTGTCCTTGATCTCGTTG,CACTGTCCTTGATCTCGTTG,ACCACACTGTCCTTGATCTCGTTGAGGTAC,EEF2,0,0,141,59,7
CACTGTGTGAGGAGAACATG,CACTGTGTGAGGAGAACATG,GGCGCACTGTGTGAGGAGAACATGCGGGGT,EEF2,0,0,41,1,3
CAGCACAGGCTTGATGCGCT,CAGCACAGGCTTGATGCGCT,TCATCAGCACAGGCTTGATGCGCTCGGCAA,EEF2,0,0,187,103,55
CAGCAGCCGCCCCAGCCAGG,CAGCAGCCGCCCCAGCCAGG,ACAACAGCAGCCGCCCCAGCCAGGTGGTGG,EEF2,0,0,315,27,21
CAGCATCTCCACCTACGGCG,CATCATCTCCACCTACGGCG,ACGTCATCATCTCCACCTACGGCGAGGGCG,EEF2,rG:dA,4,693,1904,1965
CAGCCGCCCCAGCCAGGTGG,CAGCCGCCCCAGCCAGGTGG,ACAGCAGCCGCCCCAGCCAGGTGGTGGCGG,EEF2,0,0,279,16,14
CAGCCGGTTGTGCTTGTTGG,CAGCCGGTTGTGCTTGTTGG,TGTACAGCCGGTTGTGCTTGTTGGGGGACT,EEF2,0,0,609,81,47
CAGCTCCAGATACAGGAGGT,CAGCTCCAGATACAGGAGGT,CTCCCAGCTCCAGATACAGGAGGTTGGTGG,CD81,0,0,458,2443,2219
CAGCTTCTTCCCTTCGGGGC,CAGCTTCTTCCCTTCGGGGC,GTGGCAGCTTCTTCCCTTCGGGGCTGGTGG,EEF2,0,0,391,348,155
CAGGAATCCCAGTGCCTGCT,CAGGAATCCCAGTGCCTGCT,CATCCAGGAATCCCAGTGCCTGCTGGGGAC,CD81,0,0,688,3208,2916
CAGGCACTGGGATTCCTGGA,CAGGCACTGGGATTCCTGGA,CCAGCAGGCACTGGGATTCCTGGATGGCCC,CD81,0,0,187,435,476
CAGGCTTCACCGCTGACCTG,CAGGCTTCACCGCTGACCTG,TCTGCAGGCTTCACCGCTGACCTGAGGTCC,EEF2,0,0,434,27,98
CAGGTGGTCGGTGGCATCTA,CAGGTGGTCGGTGGCATCTA,AGAGCAGGTGGTCGGTGGCATCTACGGGGT,EEF2,0,0,167,76,32
CAGTGCATCATCGAGGAGTC,CAGTGCATCATCGAGGAGTC,CTTTCAGTGCATCATCGAGGAGTCGGGAGA,EEF2,0,0,258,108,50
CAGTGGTCAAACACACACTG,CAGTGGTCAAACACACACTG,CTGCCAGTGGTCAAACACACACTGGGGGAA,EEF2,0,0,168,0,0
CAGTGTCCAGAGCAGGTGGT,CAGTGTCCAGAGCAGGTGGT,CTGGCAGTGTCCAGAGCAGGTGGTCGGTGG,EEF2,0,0,169,82,134
CATAATCTCCACCTACGGCG,CATCATCTCCACCTACGGCG,ACGTCATCATCTCCACCTACGGCGAGGGCG,EEF2,rA:dG,5,557,1685,1581
CATCAACTCCACCTACGGCG,CATCATCTCCACCTACGGCG,ACGTCATCATCTCCACCTACGGCGAGGGCG,EEF2,rA:dA,7,772,2274,1908
CATCACCTCCACCTACGGCG,CATCATCTCCACCTACGGCG,ACGTCATCATCTCCACCTACGGCGAGGGCG,EEF2,rC:dA,7,901,264,279
CATCAGCTCCACCTACGGCG,CATCATCTCCACCTACGGCG,ACGTCATCATCTCCACCTACGGCGAGGGCG,EEF2,rG:dA,7,276,1218,930
CATCATATCCACCTACGGCG,CATCATCTCCACCTACGGCG,ACGTCATCATCTCCACCTACGGCGAGGGCG,EEF2,rA:dG,8,690,1087,823
CATCATCACCACCTACGGCG,CATCATCTCCACCTACGGCG,ACGTCATCATCTCCACCTACGGCGAGGGCG,EEF2,rA:dA,9,1014,1995,1826
CATCATCAGCAACCTCTTCA,CATCATCAGCAACCTCTTCA,GCAACATCATCAGCAACCTCTTCAAGGTGC,CD81,0,0,581,704,646
CATCATCCCCACCTACGGCG,CATCATCTCCACCTACGGCG,ACGTCATCATCTCCACCTACGGCGAGGGCG,EEF2,rC:dA,9,1158,352,308
CATCATCGCCACCTACGGCG,CATCATCTCCACCTACGGCG,ACGTCATCATCTCCACCTACGGCGAGGGCG,EEF2,rG:dA,9,706,2046,1780
CATCATCTACACCTACGGCG,CATCATCTCCACCTACGGCG,ACGTCATCATCTCCACCTACGGCGAGGGCG,EEF2,rA:dG,10,485,1287,966
CATCATCTCAACCTACGGCG,CATCATCTCCACCTACGGCG,ACGTCATCATCTCCACCTACGGCGAGGGCG,EEF2,rA:dG,2,635,1314,1286
CATCATCTCCAACTACGGCG,CATCATCTCCACCTACGGCG,ACGTCATCATCTCCACCTACGGCGAGGGCG,EEF2,rA:dG,13,534,1388,1306
CATCATCTCCACATACGGCG,CATCATCTCCACCTACGGCG,ACGTCATCATCTCCACCTACGGCGAGGGCG,EEF2,rA:dG,14,692,1457,1640
CATCATCTCCACCAACGGCG,CATCATCTCCACCTACGGCG,ACGTCATCATCTCCACCTACGGCGAGGGCG,EEF2,rA:dA,15,1219,3081,2587
CATCATCTCCACCCACGGCG,CATCATCTCCACCTACGGCG,ACGTCATCATCTCCACCTACGGCGAGGGCG,EEF2,rC:dA,15,355,895,901
CATCATCTCCACCGACGGCG,CATCATCTCCACCTACGGCG,ACGTCATCATCTCCACCTACGGCGAGGGCG,EEF2,rG:dA,15,1527,7334,5948
CATCATCTCCACCTAAGGCG,CATCATCTCCACCTACGGCG,ACGTCATCATCTCCACCTACGGCGAGGGCG,EEF2,rA:dG,17,943,4025,3195
CATCATCTCCACCTACAGCG,CATCATCTCCACCTACGGCG,ACGTCATCATCTCCACCTACGGCGAGGGCG,EEF2,rA:dC,18,89,227,206
CATCATCTCCACCTACCGCG,CATCATCTCCACCTACGGCG,ACGTCATCATCTCCACCTACGGCGAGGGCG,EEF2,rC:dC,18,1045,3397,2567
CATCATCTCCACCTACGACG,CATCATCTCCACCTACGGCG,ACGTCATCATCTCCACCTACGGCGAGGGCG,EEF2,rA:dC,19,799,1258,1081
CATCATCTCCACCTACGCCG,CATCATCTCCACCTACGGCG,ACGTCATCATCTCCACCTACGGCGAGGGCG,EEF2,rC:dC,19,950,2470,1621
CATCATCTCCACCTACGGAG,CATCATCTCCACCTACGGCG,ACGTCATCATCTCCACCTACGGCGAGGGCG,EEF2,rA:dG,20,409,1077,989
CATCATCTCCACCTACGGCA,CATCATCTCCACCTACGGCG,ACGTCATCATCTCCACCTACGGCGAGGGCG,EEF2,rA:dC,3,533,715,533
CATCATCTCCACCTACGGCC,CATCATCTCCACCTACGGCG,ACGTCATCATCTCCACCTACGGCGAGGGCG,EEF2,rC:dC,3,579,1831,1390
CATCATCTCCACCTACGGCG,CATCATCTCCACCTACGGCG,ACGTCATCATCTCCACCTACGGCGAGGGCG,EEF2,0,0,1854,3133,2247
CATCATCTCCACCTACGGCT,CATCATCTCCACCTACGGCG,ACGTCATCATCTCCACCTACGGCGAGGGCG,EEF2,rU:dC,3,1265,2618,1997
CATCATCTCCACCTACGGGG,CATCATCTCCACCTACGGCG,ACGTCATCATCTCCACCTACGGCGAGGGCG,EEF2,rG:dG,20,1121,3567,3040
CATCATCTCCACCTACGGTG,CATCATCTCCACCTACGGCG,ACGTCATCATCTCCACCTACGGCGAGGGCG,EEF2,rU:dG,20,2078,5108,3782
CATCATCTCCACCTACGTCG,CATCATCTCCACCTACGGCG,ACGTCATCATCTCCACCTACGGCGAGGGCG,EEF2,rU:dC,19,1982,3749,3025
CATCATCTCCACCTACTGCG,CATCATCTCCACCTACGGCG,ACGTCATCATCTCCACCTACGGCGAGGGCG,EEF2,rU:dC,18,99,256,231
CATCATCTCCACCTAGGGCG,CATCATCTCCACCTACGGCG,ACGTCATCATCTCCACCTACGGCGAGGGCG,EEF2,rG:dG,17,571,3350,2154
CATCATCTCCACCTATGGCG,CATCATCTCCACCTACGGCG,ACGTCATCATCTCCACCTACGGCGAGGGCG,EEF2,rU:dG,17,747,1574,1491
CATCATCTCCACCTCCGGCG,CATCATCTCCACCTACGGCG,ACGTCATCATCTCCACCTACGGCGAGGGCG,EEF2,rC:dT,16,765,3868,2740
CATCATCTCCACCTGCGGCG,CATCATCTCCACCTACGGCG,ACGTCATCATCTCCACCTACGGCGAGGGCG,EEF2,rG:dT,16,1575,2143,1936
CATCATCTCCACCTTCGGCG,CATCATCTCCACCTACGGCG,ACGTCATCATCTCCACCTACGGCGAGGGCG,EEF2,rU:dT,16,1345,5506,4516
CATCATCTCCACGTACGGCG,CATCATCTCCACCTACGGCG,ACGTCATCATCTCCACCTACGGCGAGGGCG,EEF2,rG:dG,14,965,2841,2510
CATCATCTCCACTTACGGCG,CATCATCTCCACCTACGGCG,ACGTCATCATCTCCACCTACGGCGAGGGCG,EEF2,rU:dG,14,739,365,491
CATCATCTCCAGCTACGGCG,CATCATCTCCACCTACGGCG,ACGTCATCATCTCCACCTACGGCGAGGGCG,EEF2,rG:dG,13,794,2111,1521
CATCATCTCCATCTACGGCG,CATCATCTCCACCTACGGCG,ACGTCATCATCTCCACCTACGGCGAGGGCG,EEF2,rU:dG,13,1182,372,299
CATCATCTCCCCCTACGGCG,CATCATCTCCACCTACGGCG,ACGTCATCATCTCCACCTACGGCGAGGGCG,EEF2,rC:dT,12,2389,7350,6525
CATCATCTCCGCCTACGGCG,CATCATCTCCACCTACGGCG,ACGTCATCATCTCCACCTACGGCGAGGGCG,EEF2,rG:dT,12,513,639,543
CATCATCTCCTCCTACGGCG,CATCATCTCCACCTACGGCG,ACGTCATCATCTCCACCTACGGCGAGGGCG,EEF2,rU:dT,12,1344,3564,3317
CATCATCTCGACCTACGGCG,CATCATCTCCACCTACGGCG,ACGTCATCATCTCCACCTACGGCGAGGGCG,EEF2,rG:dG,2,1550,4945,4314
CATCATCTCTACCTACGGCG,CATCATCTCCACCTACGGCG,ACGTCATCATCTCCACCTACGGCGAGGGCG,EEF2,rU:dG,2,824,1066,1196
CATCATCTGCACCTACGGCG,CATCATCTCCACCTACGGCG,ACGTCATCATCTCCACCTACGGCGAGGGCG,EEF2,rG:dG,10,399,1172,965
CATCATGTCCACCTACGGCG,CATCATCTCCACCTACGGCG,ACGTCATCATCTCCACCTACGGCGAGGGCG,EEF2,rG:dG,8,367,716,496
CATCATGTCCTCTACTTTCT,CATCATGTCCTCTACTTTCT,TCTTCATCATGTCCTCTACTTTCTTGGCCC,EEF2,0,0,858,252,226
CATCATTTCCACCTACGGCG,CATCATCTCCACCTACGGCG,ACGTCATCATCTCCACCTACGGCGAGGGCG,EEF2,rU:dG,8,340,736,590
CATCCACCACGGCCTGCTGT,CATCCACCACGGCCTGCTGT,TCATCATCCACCACGGCCTGCTGTAGGGCC,CD81,0,0,297,1114,801
CATCCTCACCGACATCACCA,CATCCTCACCGACATCACCA,CCAACATCCTCACCGACATCACCAAGGGTG,EEF2,0,0,526,4,4
CATCCTCTCCACCTACGGCG,CATCATCTCCACCTACGGCG,ACGTCATCATCTCCACCTACGGCGAGGGCG,EEF2,rC:dT,6,603,462,741
CATCCTGTTTGCCTGTGAGG,CATCCTGTTTGCCTGTGAGG,TGGTCATCCTGTTTGCCTGTGAGGTGGCCG,CD81,0,0,340,341,216
CATCGCCTCGGCCCGGGCCG,CATCGCCTCGGCCCGGGCCG,GCATCATCGCCTCGGCCCGGGCCGGGGAGA,EEF2,0,0,87,198,62
CATCGGCATTGCTGCCATCG,CATCGGCATTGCTGCCATCG,ACCTCATCGGCATTGCTGCCATCGTGGTCG,CD81,0,0,280,917,963
CATCGTACAGGAGCTCGCAG,CCTCGTACAGGAGCTCGCAG,GGCCCCTCGTACAGGAGCTCGCAGCGGTAC,EEF2,rA:dG,3,740,101,72
CATCGTGGTCGCTGTGATCA,CATCGTGGTCGCTGTGATCA,CTGCCATCGTGGTCGCTGTGATCATGGTGA,CD81,0,0,123,671,405
CATCTACATCCTCATCGCTG,CATCTACATCCTCATCGCTG,AAGGCATCTACATCCTCATCGCTGTGGGCG,CD81,0,0,969,1236,845
CATCTACCTTGTGGAGATCC,CATCTACCTTGTGGAGATCC,AGCCCATCTACCTTGTGGAGATCCAGGTGA,EEF2,0,0,319,12,7
CATCTCGGCAAACTGCTTCA,CATCTCGGCAAACTGCTTCA,CATACATCTCGGCAAACTGCTTCAGGGTGA,EEF2,0,0,286,112,28
CATCTGGGGCTTTGTCAACA,CATCTGGGGCTTTGTCAACA,CCGGCATCTGGGGCTTTGTCAACAAGGACC,CD81,0,0,355,1329,897
CATCTTCTCCACCTACGGCG,CATCATCTCCACCTACGGCG,ACGTCATCATCTCCACCTACGGCGAGGGCG,EEF2,rU:dT,6,687,1192,1321
CATGATCACAGCGACCACGA,CATGATCACAGCGACCACGA,TCACCATGATCACAGCGACCACGATGGCAG,CD81,0,0,1013,1358,1200
CATGATCTCCACCTACGGCG,CATCATCTCCACCTACGGCG,ACGTCATCATCTCCACCTACGGCGAGGGCG,EEF2,rG:dG,5,531,2554,1962
CATGATGTTCGTTGGCTTCC,CATGATGTTCGTTGGCTTCC,CTGTCATGATGTTCGTTGGCTTCCTGGGCT,CD81,0,0,526,2710,1731
CATGCCCGGGGGAGTCAATG,CATGCCCGGGGGAGTCAATG,TCGACATGCCCGGGGGAGTCAATGAGGTTG,EEF2,0,0,361,72,11
CATGGAGCCCATCTACCTTG,CATGGAGCCCATCTACCTTG,GCCTCATGGAGCCCATCTACCTTGTGGAGA,EEF2,0,0,579,15,11
CATGGCAGCCTCGTCGTCCG,CATGGCAGCCTCGTCGTCCG,TACCCATGGCAGCCTCGTCGTCCGGGGGCC,EEF2,0,0,452,89,89
CATGGGGGTGCCGGCCACCT,CATGGGGGTGCCGGCCACCT,CAAACATGGGGGTGCCGGCCACCTGGGACT,EEF2,0,0,142,33,68
CATGTCTGTCATCGCCCACG,CATGTCTGTCATCGCCCACG,GCAACATGTCTGTCATCGCCCACGTGGACC,EEF2,0,0,524,180,157
CATGTTGTGCGCGTGCTCGA,CATGTTGTGCGCGTGCTCGA,CCCGCATGTTGTGCGCGTGCTCGAAGGTGG,EEF2,0,0,520,44,22
CATTATCTCCACCTACGGCG,CATCATCTCCACCTACGGCG,ACGTCATCATCTCCACCTACGGCGAGGGCG,EEF2,rU:dG,5,725,2457,2001
CATTGATGGGGATGCAGGCG,CCTTGATGGGGATGCAGGCG,CTCACCTTGATGGGGATGCAGGCGTGGTCC,EEF2,rA:dG,3,379,162,80
CATTGTGGGCCTCGTGGGCG,CATTGTGGGCCTCGTGGGCG,GGAACATTGTGGGCCTCGTGGGCGTGGACC,EEF2,0,0,518,1922,1087
CCAAGGGGGAGGGCCAGTTG,CCAAGGGGGAGGGCCAGTTG,GCCGCCAAGGGGGAGGGCCAGTTGGGGCCT,EEF2,0,0,670,597,473
CCAATGCGCCATCGGTGACT,CCAATGCGCCATCGGTGACT,ACCACCAATGCGCCATCGGTGACTCGGAGG,EEF2,0,0,203,9,7
CCACAAGGCACATCCTCGAT,CCACAAGGCACATCCTCGAT,GTTCCCACAAGGCACATCCTCGATGGGCTC,EEF2,0,0,321,88,61
CCACCGGGACCACGTACCCA,CCACCGGGACCACGTACCCA,CCGGCCACCGGGACCACGTACCCATGGCAG,EEF2,0,0,295,24,13
CCACCTGCCCTCCCCTGTGA,CCACCTGCCCTCCCCTGTGA,CCATCCACCTGCCCTCCCCTGTGACGGCCC,EEF2,0,0,534,51,34
CCACGATGCGCTGGAAAGTC,CCACGATGCGCTGGAAAGTC,TTCTCCACGATGCGCTGGAAAGTCTGGTAG,EEF2,0,0,171,22,30
CCACGCCTGCATCCCCATCA,CCACGCCTGCATCCCCATCA,AGGACCACGCCTGCATCCCCATCAAGGTGA,EEF2,0,0,115,3,8
CCACGGCCACTCTGACAACA,CCACGGCCACTCTGACAACA,GCCTCCACGGCCACTCTGACAACAGGGCTG,EEF2,0,0,276,0,3
CCACGGCCTGCTGTAGGGCC,CCACGGCCTGCTGTAGGGCC,TCCACCACGGCCTGCTGTAGGGCCTGGTCA,CD81,0,0,182,1303,946
CCACGTACAGGAGCTCGCAG,CCTCGTACAGGAGCTCGCAG,GGCCCCTCGTACAGGAGCTCGCAGCGGTAC,EEF2,rA:dA,4,235,74,67
CCACGTGTTCGAGGAGTCCC,CCACGTGTTCGAGGAGTCCC,GGGGCCACGTGTTCGAGGAGTCCCAGGTGG,EEF2,0,0,220,60,114
CCAGACTTTCCAGCGCATCG,CCAGACTTTCCAGCGCATCG,TCTACCAGACTTTCCAGCGCATCGTGGAGA,EEF2,0,0,201,139,214
CCAGCAGGCACTGGGATTCC,CCAGCAGGCACTGGGATTCC,GTCCCCAGCAGGCACTGGGATTCCTGGATG,CD81,0,0,94,432,370
CCAGCTGCTCACCTCTGGAT,CCAGCTGCTCACCTCTGGAT,TCACCCAGCTGCTCACCTCTGGATTGGCTT,EEF2,0,0,212,5,2
CCAGCTTGGGCAGGTCAGCC,CCAGCTTGGGCAGGTCAGCC,TCCACCAGCTTGGGCAGGTCAGCCGGGTTC,EEF2,0,0,309,1258,865
CCAGGAAGTTGTCCAGGGCA,CCAGGAAGTTGTCCAGGGCA,TTGTCCAGGAAGTTGTCCAGGGCAGGGATG,EEF2,0,0,512,134,146
CCAGGAATCCCAGTGCCTGC,CCAGGAATCCCAGTGCCTGC,CCATCCAGGAATCCCAGTGCCTGCTGGGGA,CD81,0,0,599,1627,1591
CCAGGCCCTACAGCAGGCCG,CCAGGCCCTACAGCAGGCCG,ATGACCAGGCCCTACAGCAGGCCGTGGTGG,CD81,0,0,328,1920,1512
CCAGGCCGCACCTTCAGCAG,CCAGGCCGCACCTTCAGCAG,GGGCCCAGGCCGCACCTTCAGCAGGGGTTT,EEF2,0,0,472,74,29
CCAGTGGTCAAACACACACT,CCAGTGGTCAAACACACACT,TCTGCCAGTGGTCAAACACACACTGGGGGA,EEF2,0,0,624,25,4
CCAGTTGGGGCCTGCCGAGC,CCAGTTGGGGCCTGCCGAGC,AGGGCCAGTTGGGGCCTGCCGAGCGGGCCA,EEF2,0,0,193,55,70
CCATCGAGGATGTGCCTTGT,CCATCGAGGATGTGCCTTGT,GAGCCCATCGAGGATGTGCCTTGTGGGAAC,EEF2,0,0,428,31,37
CCATGATGGGGATGCAGGCG,CCTTGATGGGGATGCAGGCG,CTCACCTTGATGGGGATGCAGGCGTGGTCC,EEF2,rA:dA,4,298,238,143
CCCAAAGCACCAGATCTTGC,CCCAAAGCACCAGATCTTGC,CGGGCCCAAAGCACCAGATCTTGCGGGCCT,EEF2,0,0,172,21,11
CCCACAAGGCACATCCTCGA,CCCACAAGGCACATCCTCGA,TGTTCCCACAAGGCACATCCTCGATGGGCT,EEF2,0,0,251,28,6
CCCACTCGTACTTCTCGGCC,CCCACTCGTACTTCTCGGCC,ACGTCCCACTCGTACTTCTCGGCCAGGTAG,EEF2,0,0,333,249,111
CCCAGGCCGCACCTTCAGCA,CCCAGGCCGCACCTTCAGCA,TGGGCCCAGGCCGCACCTTCAGCAGGGGTT,EEF2,0,0,160,10,7
CCCAGGCGTGTGCGTGCAGA,CCCAGGCGTGTGCGTGCAGA,TGTCCCCAGGCGTGTGCGTGCAGACGGAGA,EEF2,0,0,694,95,51
CCCAGTGTGTGTTTGACCAC,CCCAGTGTGTGTTTGACCAC,TTCCCCCAGTGTGTGTTTGACCACTGGCAG,EEF2,0,0,480,29,37
CCCATCGAGGATGTGCCTTG,CCCATCGAGGATGTGCCTTG,GGAGCCCATCGAGGATGTGCCTTGTGGGAA,EEF2,0,0,747,96,88
CCCATGGCAGCCTCGTCGTC,CCCATGGCAGCCTCGTCGTC,CGTACCCATGGCAGCCTCGTCGTCCGGGGG,EEF2,0,0,282,772,595
CCCCAACTGGCCCTCCCCCT,CCCCAACTGGCCCTCCCCCT,CAGGCCCCAACTGGCCCTCCCCCTTGGCGG,EEF2,0,0,626,886,782
CCCCCAGGGCGCACTGTGTG,CCCCCAGGGCGCACTGTGTG,CCCTCCCCCAGGGCGCACTGTGTGAGGAGA,EEF2,0,0,547,112,64
CCCCGAGAAGACTCGTCCAA,CCCCGAGAAGACTCGTCCAA,CCAGCCCCGAGAAGACTCGTCCAAAGGCGT,EEF2,0,0,355,39,4
CCCCGTACAGGAGCTCGCAG,CCTCGTACAGGAGCTCGCAG,GGCCCCTCGTACAGGAGCTCGCAGCGGTAC,EEF2,rC:dA,4,179,26,60
CCCGCAAGATCTGGTGCTTT,CCCGCAAGATCTGGTGCTTT,GAGGCCCGCAAGATCTGGTGCTTTGGGCCC,EEF2,0,0,665,385,270
CCCGCTCTTTCCCAGCTGGC,CCCGCTCTTTCCCAGCTGGC,TGTTCCCGCTCTTTCCCAGCTGGCTGGAGG,CD81,0,0,264,1067,696
CCCGCTGCTTGAGCTCCTGA,CCCGCTGCTTGAGCTCCTGA,CGCGCCCGCTGCTTGAGCTCCTGACGGGCG,EEF2,0,0,121,44,74
CCCGGACGACGAGGCTGCCA,CCCGGACGACGAGGCTGCCA,GGCCCCCGGACGACGAGGCTGCCATGGGTA,EEF2,0,0,137,35,14
CCCGGCTGACCTGCCCAAGC,CCCGGCTGACCTGCCCAAGC,AGAACCCGGCTGACCTGCCCAAGCTGGTGG,EEF2,0,0,326,23,34
CCCGTCAGGAGCTCAAGCAG,CCCGTCAGGAGCTCAAGCAG,TCCGCCCGTCAGGAGCTCAAGCAGCGGGCG,EEF2,0,0,715,592,309
CCCTCACTCACCTTGAAGAT,CCCTCACTCACCTTGAAGAT,GCAGCCCTCACTCACCTTGAAGATGGGGTC,EEF2,0,0,269,17,28
CCCTCCGCGGTGGATGGCGT,CCCTCCGCGGTGGATGGCGT,GGCCCCCTCCGCGGTGGATGGCGTCGGCGT,EEF2,0,0,61,48,28
CCCTGATGGGGATGCAGGCG,CCTTGATGGGGATGCAGGCG,CTCACCTTGATGGGGATGCAGGCGTGGTCC,EEF2,rC:dA,4,141,23,29
CCCTGTTGTCAGAGTGGCCG,CCCTGTTGTCAGAGTGGCCG,TCAGCCCTGTTGTCAGAGTGGCCGTGGAGG,EEF2,0,0,189,23,26
CCGACGCCATCCACCGCGGA,CCGACGCCATCCACCGCGGA,CACGCCGACGCCATCCACCGCGGAGGGGGC,EEF2,0,0,702,100,81
CCGAGTCACCGATGGCGCAT,CCGAGTCACCGATGGCGCAT,CCCTCCGAGTCACCGATGGCGCATTGGTGG,EEF2,0,0,500,76,99
CCGCCACCACCTGGCTGGGG,CCGCCACCACCTGGCTGGGG,GTCTCCGCCACCACCTGGCTGGGGCGGCTG,EEF2,0,0,192,10,10
CCGCCCCAGCCAGGTGGTGG,CCGCCCCAGCCAGGTGGTGG,GCAGCCGCCCCAGCCAGGTGGTGGCGGAGA,EEF2,0,0,379,138,59
CCGCGCCATCATGGACAAGA,CCGCGCCATCATGGACAAGA,AGATCCGCGCCATCATGGACAAGAAGGCCA,EEF2,0,0,148,0,0
CCGCGCCGCCATGGGAGTGG,CCGCGCCGCCATGGGAGTGG,CCGCCCGCGCCGCCATGGGAGTGGAGGGCT,CD81,0,0,195,796,560
CCGCGTACAGGAGCTCGCAG,CCTCGTACAGGAGCTCGCAG,GGCCCCTCGTACAGGAGCTCGCAGCGGTAC,EEF2,rG:dA,4,184,118,165
CCGCTACGTGGAGCCCATCG,CCGCTACGTGGAGCCCATCG,TGGGCCGCTACGTGGAGCCCATCGAGGATG,EEF2,0,0,481,118,57
CCGCTGCGAGCTCCTGTACG,CCGCTGCGAGCTCCTGTACG,AGTACCGCTGCGAGCTCCTGTACGAGGGGC,EEF2,0,0,81,0,10
CCGGACGACGAGGCTGCCAT,CCGGACGACGAGGCTGCCAT,GCCCCCGGACGACGAGGCTGCCATGGGTAC,EEF2,0,0,516,38,20
CCGTACCATGATGTTGCCCA,CCGTACCATGATGTTGCCCA,AGGGCCGTACCATGATGTTGCCCATGGGGC,EEF2,0,0,437,369,340
CCGTCACAGGGGAGGGCAGG,CCGTCACAGGGGAGGGCAGG,TGGGCCGTCACAGGGGAGGGCAGGTGGATG,EEF2,0,0,579,151,90
CCGTCAGGAGCTCAAGCAGC,CCGTCAGGAGCTCAAGCAGC,CCGCCCGTCAGGAGCTCAAGCAGCGGGCGC,EEF2,0,0,197,76,32
CCGTGATGGGGATGCAGGCG,CCTTGATGGGGATGCAGGCG,CTCACCTTGATGGGGATGCAGGCGTGGTCC,EEF2,rG:dA,4,82,214,279
CCTAGATGGGGATGCAGGCG,CCTTGATGGGGATGCAGGCG,CTCACCTTGATGGGGATGCAGGCGTGGTCC,EEF2,rA:dA,5,174,126,239
CCTAGTACAGGAGCTCGCAG,CCTCGTACAGGAGCTCGCAG,GGCCCCTCGTACAGGAGCTCGCAGCGGTAC,EEF2,rA:dG,5,167,301,247
CCTCACCTTGATGGGGATGC,CCTCACCTTGATGGGGATGC,GGCGCCTCACCTTGATGGGGATGCAGGCGT,EEF2,0,0,264,84,44
CCTCACTCACCTTGAAGATG,CCTCACTCACCTTGAAGATG,CAGCCCTCACTCACCTTGAAGATGGGGTCC,EEF2,0,0,145,22,8
CCTCATACAGGAGCTCGCAG,CCTCGTACAGGAGCTCGCAG,GGCCCCTCGTACAGGAGCTCGCAGCGGTAC,EEF2,rA:dC,6,320,5,1
CCTCATCTCCACCTACGGCG,CATCATCTCCACCTACGGCG,ACGTCATCATCTCCACCTACGGCGAGGGCG,EEF2,rC:dT,3,274,998,779
CCTCCTACAGGAGCTCGCAG,CCTCGTACAGGAGCTCGCAG,GGCCCCTCGTACAGGAGCTCGCAGCGGTAC,EEF2,rC:dC,6,481,225,302
CCTCGAACAGGAGCTCGCAG,CCTCGTACAGGAGCTCGCAG,GGCCCCTCGTACAGGAGCTCGCAGCGGTAC,EEF2,rA:dA,7,422,288,235
CCTCGATGGGCTCCACGTAG,CCTCGATGGGCTCCACGTAG,ACATCCTCGATGGGCTCCACGTAGCGGCCC,EEF2,0,0,226,10,13
CCTCGATGGGGATGCAGGCG,CCTTGATGGGGATGCAGGCG,CTCACCTTGATGGGGATGCAGGCGTGGTCC,EEF2,rC:dA,5,408,111,114
CCTCGCACAGGAGCTCGCAG,CCTCGTACAGGAGCTCGCAG,GGCCCCTCGTACAGGAGCTCGCAGCGGTAC,EEF2,rC:dA,7,237,16,3
CCTCGGACAGGAGCTCGCAG,CCTCGTACAGGAGCTCGCAG,GGCCCCTCGTACAGGAGCTCGCAGCGGTAC,EEF2,rG:dA,7,178,44,46
CCTCGTAAAGGAGCTCGCAG,CCTCGTACAGGAGCTCGCAG,GGCCCCTCGTACAGGAGCTCGCAGCGGTAC,EEF2,rA:dG,9,297,266,275
CCTCGTACAAGAGCTCGCAG,CCTCGTACAGGAGCTCGCAG,GGCCCCTCGTACAGGAGCTCGCAGCGGTAC,EEF2,rA:dC,2,248,25,50
CCTCGTACACGAGCTCGCAG,CCTCGTACAGGAGCTCGCAG,GGCCCCTCGTACAGGAGCTCGCAGCGGTAC,EEF2,rC:dC,2,422,1203,881
CCTCGTACAGAAGCTCGCAG,CCTCGTACAGGAGCTCGCAG,GGCCCCTCGTACAGGAGCTCGCAGCGGTAC,EEF2,rA:dC,12,698,104,97
CCTCGTACAGCAGCTCGCAG,CCTCGTACAGGAGCTCGCAG,GGCCCCTCGTACAGGAGCTCGCAGCGGTAC,EEF2,rC:dC,12,716,2519,2248
CCTCGTACAGGAACTCGCAG,CCTCGTACAGGAGCTCGCAG,GGCCCCTCGTACAGGAGCTCGCAGCGGTAC,EEF2,rA:dC,14,343,33,25
CCTCGTACAGGACCTCGCAG,CCTCGTACAGGAGCTCGCAG,GGCCCCTCGTACAGGAGCTCGCAGCGGTAC,EEF2,rC:dC,14,426,197,216
CCTCGTACAGGAGATCGCAG,CCTCGTACAGGAGCTCGCAG,GGCCCCTCGTACAGGAGCTCGCAGCGGTAC,EEF2,rA:dG,15,1043,685,609
CCTCGTACAGGAGCACGCAG,CCTCGTACAGGAGCTCGCAG,GGCCCCTCGTACAGGAGCTCGCAGCGGTAC,EEF2,rA:dA,16,282,658,738
CCTCGTACAGGAGCCCGCAG,CCTCGTACAGGAGCTCGCAG,GGCCCCTCGTACAGGAGCTCGCAGCGGTAC,EEF2,rC:dA,16,243,266,205
CCTCGTACAGGAGCGCGCAG,CCTCGTACAGGAGCTCGCAG,GGCCCCTCGTACAGGAGCTCGCAGCGGTAC,EEF2,rG:dA,16,1287,6139,5191
CCTCGTACAGGAGCTAGCAG,CCTCGTACAGGAGCTCGCAG,GGCCCCTCGTACAGGAGCTCGCAGCGGTAC,EEF2,rA:dG,17,157,958,570
CCTCGTACAGGAGCTCACAG,CCTCGTACAGGAGCTCGCAG,GGCCCCTCGTACAGGAGCTCGCAGCGGTAC,EEF2,rA:dC,18,269,430,510
CCTCGTACAGGAGCTCCCAG,CCTCGTACAGGAGCTCGCAG,GGCCCCTCGTACAGGAGCTCGCAGCGGTAC,EEF2,rC:dC,18,205,597,466
CCTCGTACAGGAGCTCGAAG,CCTCGTACAGGAGCTCGCAG,GGCCCCTCGTACAGGAGCTCGCAGCGGTAC,EEF2,rA:dG,19,265,1061,744
CCTCGTACAGGAGCTCGCAA,CCTCGTACAGGAGCTCGCAG,GGCCCCTCGTACAGGAGCTCGCAGCGGTAC,EEF2,rA:dC,3,375,549,499
CCTCGTACAGGAGCTCGCAC,CCTCGTACAGGAGCTCGCAG,GGCCCCTCGTACAGGAGCTCGCAGCGGTAC,EEF2,rC:dC,3,377,1201,651
CCTCGTACAGGAGCTCGCAG,CCTCGTACAGGAGCTCGCAG,GGCCCCTCGTACAGGAGCTCGCAGCGGTAC,EEF2,0,0,1154,1666,1516
CCTCGTACAGGAGCTCGCAT,CCTCGTACAGGAGCTCGCAG,GGCCCCTCGTACAGGAGCTCGCAGCGGTAC,EEF2,rU:dC,3,396,842,900
CCTCGTACAGGAGCTCGCCG,CCTCGTACAGGAGCTCGCAG,GGCCCCTCGTACAGGAGCTCGCAGCGGTAC,EEF2,rC:dT,20,275,290,310
CCTCGTACAGGAGCTCGCGG,CCTCGTACAGGAGCTCGCAG,GGCCCCTCGTACAGGAGCTCGCAGCGGTAC,EEF2,rG:dT,20,545,200,197
CCTCGTACAGGAGCTCGCTG,CCTCGTACAGGAGCTCGCAG,GGCCCCTCGTACAGGAGCTCGCAGCGGTAC,EEF2,rU:dT,20,304,494,492
CCTCGTACAGGAGCTCGGAG,CCTCGTACAGGAGCTCGCAG,GGCCCCTCGTACAGGAGCTCGCAGCGGTAC,EEF2,rG:dG,19,108,177,210
CCTCGTACAGGAGCTCGTAG,CCTCGTACAGGAGCTCGCAG,GGCCCCTCGTACAGGAGCTCGCAGCGGTAC,EEF2,rU:dG,19,251,106,155
CCTCGTACAGGAGCTCTCAG,CCTCGTACAGGAGCTCGCAG,GGCCCCTCGTACAGGAGCTCGCAGCGGTAC,EEF2,rU:dC,18,270,811,735
CCTCGTACAGGAGCTGGCAG,CCTCGTACAGGAGCTCGCAG,GGCCCCTCGTACAGGAGCTCGCAGCGGTAC,EEF2,rG:dG,17,720,4371,3161
CCTCGTACAGGAGCTTGCAG,CCTCGTACAGGAGCTCGCAG,GGCCCCTCGTACAGGAGCTCGCAGCGGTAC,EEF2,rU:dG,17,816,166,139
CCTCGTACAGGAGGTCGCAG,CCTCGTACAGGAGCTCGCAG,GGCCCCTCGTACAGGAGCTCGCAGCGGTAC,EEF2,rG:dG,15,239,140,101
CCTCGTACAGGAGTTCGCAG,CCTCGTACAGGAGCTCGCAG,GGCCCCTCGTACAGGAGCTCGCAGCGGTAC,EEF2,rU:dG,15,562,197,211
CCTCGTACAGGATCTCGCAG,CCTCGTACAGGAGCTCGCAG,GGCCCCTCGTACAGGAGCTCGCAGCGGTAC,EEF2,rU:dC,14,623,75,102
CCTCGTACAGGCGCTCGCAG,CCTCGTACAGGAGCTCGCAG,GGCCCCTCGTACAGGAGCTCGCAGCGGTAC,EEF2,rC:dT,13,1009,297,143
CCTCGTACAGGGGCTCGCAG,CCTCGTACAGGAGCTCGCAG,GGCCCCTCGTACAGGAGCTCGCAGCGGTAC,EEF2,rG:dT,13,205,32,25
CCTCGTACAGGTGCTCGCAG,CCTCGTACAGGAGCTCGCAG,GGCCCCTCGTACAGGAGCTCGCAGCGGTAC,EEF2,rU:dT,13,459,37,25
CCTCGTACAGTAGCTCGCAG,CCTCGTACAGGAGCTCGCAG,GGCCCCTCGTACAGGAGCTCGCAGCGGTAC,EEF2,rU:dC,12,557,1061,864
CCTCGTACATGAGCTCGCAG,CCTCGTACAGGAGCTCGCAG,GGCCCCTCGTACAGGAGCTCGCAGCGGTAC,EEF2,rU:dC,2,618,228,221
CCTCGTACCGGAGCTCGCAG,CCTCGTACAGGAGCTCGCAG,GGCCCCTCGTACAGGAGCTCGCAGCGGTAC,EEF2,rC:dT,10,241,5,11
CCTCGTACGGGAGCTCGCAG,CCTCGTACAGGAGCTCGCAG,GGCCCCTCGTACAGGAGCTCGCAGCGGTAC,EEF2,rG:dT,10,411,194,142
CCTCGTACTGGAGCTCGCAG,CCTCGTACAGGAGCTCGCAG,GGCCCCTCGTACAGGAGCTCGCAGCGGTAC,EEF2,rU:dT,10,100,6,2
CCTCGTAGAGGAGCTCGCAG,CCTCGTACAGGAGCTCGCAG,GGCCCCTCGTACAGGAGCTCGCAGCGGTAC,EEF2,rG:dG,9,756,225,159
CCTCGTATAGGAGCTCGCAG,CCTCGTACAGGAGCTCGCAG,GGCCCCTCGTACAGGAGCTCGCAGCGGTAC,EEF2,rU:dG,9,259,41,3
CCTCGTCCAGGAGCTCGCAG,CCTCGTACAGGAGCTCGCAG,GGCCCCTCGTACAGGAGCTCGCAGCGGTAC,EEF2,rC:dT,8,176,19,16
CCTCGTGCAGGAGCTCGCAG,CCTCGTACAGGAGCTCGCAG,GGCCCCTCGTACAGGAGCTCGCAGCGGTAC,EEF2,rG:dT,8,417,106,22
CCTCGTTCAGGAGCTCGCAG,CCTCGTACAGGAGCTCGCAG,GGCCCCTCGTACAGGAGCTCGCAGCGGTAC,EEF2,rU:dT,8,380,31,15
CCTCTTACAGGAGCTCGCAG,CCTCGTACAGGAGCTCGCAG,GGCCCCTCGTACAGGAGCTCGCAGCGGTAC,EEF2,rU:dC,6,411,104,68
CCTGCAGCTCCAGCAGGGCG,GCTGCAGCTCCAGCAGGGCG,TCCAGCTGCAGCTCCAGCAGGGCGCGGTCC,EEF2,rC:dC,2,164,33,69
CCTGCCTTACCGTCCCCAGC,CCTGCCTTACCGTCCCCAGC,CCTCCCTGCCTTACCGTCCCCAGCAGGCAC,CD81,0,0,396,751,821
CCTGGATGGGGATGCAGGCG,CCTTGATGGGGATGCAGGCG,CTCACCTTGATGGGGATGCAGGCGTGGTCC,EEF2,rG:dA,5,102,431,385
CCTGGGACTCCTCGAACACG,CCTGGGACTCCTCGAACACG,GCCACCTGGGACTCCTCGAACACGTGGCCC,EEF2,0,0,528,80,98
CCTGGTACAGGAGCTCGCAG,CCTCGTACAGGAGCTCGCAG,GGCCCCTCGTACAGGAGCTCGCAGCGGTAC,EEF2,rG:dG,5,250,180,122
CCTTAATGGGGATGCAGGCG,CCTTGATGGGGATGCAGGCG,CTCACCTTGATGGGGATGCAGGCGTGGTCC,EEF2,rA:dC,6,268,558,369
CCTTGAAGGGGATGCAGGCG,CCTTGATGGGGATGCAGGCG,CTCACCTTGATGGGGATGCAGGCGTGGTCC,EEF2,rA:dA,8,278,1296,1099
CCTTGACGGGGATGCAGGCG,CCTTGATGGGGATGCAGGCG,CTCACCTTGATGGGGATGCAGGCGTGGTCC,EEF2,rC:dA,8,211,454,518
CCTTGAGGGGGATGCAGGCG,CCTTGATGGGGATGCAGGCG,CTCACCTTGATGGGGATGCAGGCGTGGTCC,EEF2,rG:dA,8,159,527,549
CCTTGATCGGGATGCAGGCG,CCTTGATGGGGATGCAGGCG,CTCACCTTGATGGGGATGCAGGCGTGGTCC,EEF2,rC:dC,9,275,1142,862
CCTTGATGAGGATGCAGGCG,CCTTGATGGGGATGCAGGCG,CTCACCTTGATGGGGATGCAGGCGTGGTCC,EEF2,rA:dC,10,222,481,608
CCTTGATGCGGATGCAGGCG,CCTTGATGGGGATGCAGGCG,CTCACCTTGATGGGGATGCAGGCGTGGTCC,EEF2,rC:dC,10,206,682,642
CCTTGATGGAGATGCAGGCG,CCTTGATGGGGATGCAGGCG,CTCACCTTGATGGGGATGCAGGCGTGGTCC,EEF2,rA:dC,2,113,711,491
CCTTGATGGCGATGCAGGCG,CCTTGATGGGGATGCAGGCG,CTCACCTTGATGGGGATGCAGGCGTGGTCC,EEF2,rC:dC,2,351,2177,1597
CCTTGATGGGAATGCAGGCG,CCTTGATGGGGATGCAGGCG,CTCACCTTGATGGGGATGCAGGCGTGGTCC,EEF2,rA:dC,12,76,182,179
CCTTGATGGGCATGCAGGCG,CCTTGATGGGGATGCAGGCG,CTCACCTTGATGGGGATGCAGGCGTGGTCC,EEF2,rC:dC,12,110,764,561
CCTTGATGGGGAAGCAGGCG,CCTTGATGGGGATGCAGGCG,CTCACCTTGATGGGGATGCAGGCGTGGTCC,EEF2,rA:dA,14,248,1239,884
CCTTGATGGGGACGCAGGCG,CCTTGATGGGGATGCAGGCG,CTCACCTTGATGGGGATGCAGGCGTGGTCC,EEF2,rC:dA,14,97,76,35
CCTTGATGGGGAGGCAGGCG,CCTTGATGGGGATGCAGGCG,CTCACCTTGATGGGGATGCAGGCGTGGTCC,EEF2,rG:dA,14,238,1518,1484
CCTTGATGGGGATCCAGGCG,CCTTGATGGGGATGCAGGCG,CTCACCTTGATGGGGATGCAGGCGTGGTCC,EEF2,rC:dC,15,85,465,392
CCTTGATGGGGATGAAGGCG,CCTTGATGGGGATGCAGGCG,CTCACCTTGATGGGGATGCAGGCGTGGTCC,EEF2,rA:dG,16,143,898,840
CCTTGATGGGGATGCAAGCG,CCTTGATGGGGATGCAGGCG,CTCACCTTGATGGGGATGCAGGCGTGGTCC,EEF2,rA:dC,18,925,5202,3851
CCTTGATGGGGATGCACGCG,CCTTGATGGGGATGCAGGCG,CTCACCTTGATGGGGATGCAGGCGTGGTCC,EEF2,rC:dC,18,473,2884,2318
CCTTGATGGGGATGCAGCCG,CCTTGATGGGGATGCAGGCG,CTCACCTTGATGGGGATGCAGGCGTGGTCC,EEF2,rC:dC,19,419,2623,2162
CCTTGATGGGGATGCAGGAG,CCTTGATGGGGATGCAGGCG,CTCACCTTGATGGGGATGCAGGCGTGGTCC,EEF2,rA:dG,20,271,1690,1399
CCTTGATGGGGATGCAGGCA,CCTTGATGGGGATGCAGGCG,CTCACCTTGATGGGGATGCAGGCGTGGTCC,EEF2,rA:dC,3,355,1810,1226
CCTTGATGGGGATGCAGGCC,CCTTGATGGGGATGCAGGCG,CTCACCTTGATGGGGATGCAGGCGTGGTCC,EEF2,rC:dC,3,159,1044,653
CCTTGATGGGGATGCAGGCG,CCTTGATGGGGATGCAGGCG,CTCACCTTGATGGGGATGCAGGCGTGGTCC,EEF2,0,0,244,581,566
CCTTGATGGGGATGCAGGCT,CCTTGATGGGGATGCAGGCG,CTCACCTTGATGGGGATGCAGGCGTGGTCC,EEF2,rU:dC,3,230,1314,1043
CCTTGATGGGGATGCAGGGG,CCTTGATGGGGATGCAGGCG,CTCACCTTGATGGGGATGCAGGCGTGGTCC,EEF2,rG:dG,20,616,1644,1368
CCTTGATGGGGATGCAGGTG,CCTTGATGGGGATGCAGGCG,CTCACCTTGATGGGGATGCAGGCGTGGTCC,EEF2,rU:dG,20,607,1145,1070
CCTTGATGGGGATGCAGTCG,CCTTGATGGGGATGCAGGCG,CTCACCTTGATGGGGATGCAGGCGTGGTCC,EEF2,rU:dC,19,1189,6239,4545
CCTTGATGGGGATGCATGCG,CCTTGATGGGGATGCAGGCG,CTCACCTTGATGGGGATGCAGGCGTGGTCC,EEF2,rU:dC,18,282,1730,782
CCTTGATGGGGATGCCGGCG,CCTTGATGGGGATGCAGGCG,CTCACCTTGATGGGGATGCAGGCGTGGTCC,EEF2,rC:dT,17,220,108,76
CCTTGATGGGGATGCGGGCG,CCTTGATGGGGATGCAGGCG,CTCACCTTGATGGGGATGCAGGCGTGGTCC,EEF2,rG:dT,17,163,1312,847
CCTTGATGGGGATGCTGGCG,CCTTGATGGGGATGCAGGCG,CTCACCTTGATGGGGATGCAGGCGTGGTCC,EEF2,rU:dT,17,656,3014,2248
CCTTGATGGGGATGGAGGCG,CCTTGATGGGGATGCAGGCG,CTCACCTTGATGGGGATGCAGGCGTGGTCC,EEF2,rG:dG,16,143,836,554
CCTTGATGGGGATGTAGGCG,CCTTGATGGGGATGCAGGCG,CTCACCTTGATGGGGATGCAGGCGTGGTCC,EEF2,rU:dG,16,350,2277,1774
CCTTGATGGGGCTGCAGGCG,CCTTGATGGGGATGCAGGCG,CTCACCTTGATGGGGATGCAGGCGTGGTCC,EEF2,rC:dT,13,196,879,832
CCTTGATGGGGGTGCAGGCG,CCTTGATGGGGATGCAGGCG,CTCACCTTGATGGGGATGCAGGCGTGGTCC,EEF2,rG:dT,13,247,1071,890
CCTTGATGGGGTTGCAGGCG,CCTTGATGGGGATGCAGGCG,CTCACCTTGATGGGGATGCAGGCGTGGTCC,EEF2,rU:dT,13,325,372,420
CCTTGATGGGTATGCAGGCG,CCTTGATGGGGATGCAGGCG,CTCACCTTGATGGGGATGCAGGCGTGGTCC,EEF2,rU:dC,12,362,2342,2042
CCTTGATGGTGATGCAGGCG,CCTTGATGGGGATGCAGGCG,CTCACCTTGATGGGGATGCAGGCGTGGTCC,EEF2,rU:dC,2,322,1883,1845
CCTTGATGTGGATGCAGGCG,CCTTGATGGGGATGCAGGCG,CTCACCTTGATGGGGATGCAGGCGTGGTCC,EEF2,rU:dC,10,257,385,266
CCTTGATTGGGATGCAGGCG,CCTTGATGGGGATGCAGGCG,CTCACCTTGATGGGGATGCAGGCGTGGTCC,EEF2,rU:dC,9,160,698,453
CCTTGCTGGGGATGCAGGCG,CCTTGATGGGGATGCAGGCG,CTCACCTTGATGGGGATGCAGGCGTGGTCC,EEF2,rC:dT,7,137,213,218
CCTTGGTGGGGATGCAGGCG,CCTTGATGGGGATGCAGGCG,CTCACCTTGATGGGGATGCAGGCGTGGTCC,EEF2,rG:dT,7,193,96,41
CCTTGTACAGGAGCTCGCAG,CCTCGTACAGGAGCTCGCAG,GGCCCCTCGTACAGGAGCTCGCAGCGGTAC,EEF2,rU:dG,5,64,2,23
CCTTGTTGGGGATGCAGGCG,CCTTGATGGGGATGCAGGCG,CTCACCTTGATGGGGATGCAGGCGTGGTCC,EEF2,rU:dT,7,256,722,695
CCTTTGGACGAGTCTTCTCG,CCTTTGGACGAGTCTTCTCG,TACGCCTTTGGACGAGTCTTCTCGGGGCTG,EEF2,0,0,500,62,79
CGAAATTGAAGACGAAGAGC,CGAAATTGAAGACGAAGAGC,AAGACGAAATTGAAGACGAAGAGCAGGTAC,CD81,0,0,480,1035,826
CGACGCCATCCACCGCGGAG,CGACGCCATCCACCGCGGAG,ACGCCGACGCCATCCACCGCGGAGGGGGCC,EEF2,0,0,384,119,34
CGAGAAGTACGAGTGGGACG,CGAGAAGTACGAGTGGGACG,TGGCCGAGAAGTACGAGTGGGACGTGGCTG,EEF2,0,0,151,56,56
CGAGAAGTCGACATGCCCGG,GGAGAAGTCGACATGCCCGG,CCGAGGAGAAGTCGACATGCCCGGGGGAGT,EEF2,rC:dC,2,662,2135,1667
CGAGATCAAGGACAGTGTGG,CGAGATCAAGGACAGTGTGG,TCAACGAGATCAAGGACAGTGTGGTGGCCG,EEF2,0,0,238,59,9
CGAGCACGCGCACAACATGC,CGAGCACGCGCACAACATGC,CCTTCGAGCACGCGCACAACATGCGGGTGA,EEF2,0,0,251,11,10
CGAGGAGAAGTCGACATGCC,CGAGGAGAAGTCGACATGCC,CCTCCGAGGAGAAGTCGACATGCCCGGGGG,EEF2,0,0,150,459,307
CGAGGGCGAGAGCGGCCCCA,CGAGGGCGAGAGCGGCCCCA,ACGGCGAGGGCGAGAGCGGCCCCATGGGCA,EEF2,0,0,169,199,134
CGAGGGGCCCCCGGACGACG,CGAGGGGCCCCCGGACGACG,TGTACGAGGGGCCCCCGGACGACGAGGCTG,EEF2,0,0,113,65,24
CGATCCTGTCCTCGGTACCG,CGATCCTGTCCTCGGTACCG,AGATCGATCCTGTCCTCGGTACCGTGGGCT,EEF2,0,0,550,57,142
CGATGGCAGCAATGCCGATG,CGATGGCAGCAATGCCGATG,ACCACGATGGCAGCAATGCCGATGAGGTAC,CD81,0,0,87,312,203
CGATGGCGCATTGGTGGTGG,CGATGGCGCATTGGTGGTGG,TCACCGATGGCGCATTGGTGGTGGTGGACT,EEF2,0,0,351,33,26
CGCAGGCTGTGATGCGCCGC,CGCAGGCTGTGATGCGCCGC,CCCCCGCAGGCTGTGATGCGCCGCTGGCTG,EEF2,0,0,255,68,66
CGCCAACAACGCCAAGGCTG,CGCCAACAACGCCAAGGCTG,ATGACGCCAACAACGCCAAGGCTGTGGTGA,CD81,0,0,172,882,396
CGCCAAGGGGGAGGGCCAGT,CGCCAAGGGGGAGGGCCAGT,TCGCCGCCAAGGGGGAGGGCCAGTTGGGGC,EEF2,0,0,189,64,203
CGCCCGCGCCGCCATGGGAG,CGCCCGCGCCGCCATGGGAG,CCGCCGCCCGCGCCGCCATGGGAGTGGAGG,CD81,0,0,211,451,416
CGCCCTGCTGGAGCTGCAGC,CGCCCTGCTGGAGCTGCAGC,ACCGCGCCCTGCTGGAGCTGCAGCTGGAGC,EEF2,0,0,347,91,101
CGCCTTTGGACGAGTCTTCT,CGCCTTTGGACGAGTCTTCT,TCTACGCCTTTGGACGAGTCTTCTCGGGGC,EEF2,0,0,289,1180,1107
CGCGCCGCCATGGGAGTGGA,CGCGCCGCCATGGGAGTGGA,CGCCCGCGCCGCCATGGGAGTGGAGGGCTG,CD81,0,0,171,680,409
CGCGTGCTCGAAGGTGGTGA,CGCGTGCTCGAAGGTGGTGA,TGTGCGCGTGCTCGAAGGTGGTGATGGTGC,EEF2,0,0,136,29,17
CGCTGACCTGAGGTCCAACA,CGCTGACCTGAGGTCCAACA,TCACCGCTGACCTGAGGTCCAACACGGGCG,EEF2,0,0,105,24,9
CGGAACAGCTCCGTGTACTG,CGGAACAGCTCCGTGTACTG,CATCCGGAACAGCTCCGTGTACTGAGGCCC,CD81,0,0,342,1350,897
CGGCCACCTCACAGGCAAAC,CGGCCACCTCACAGGCAAAC,CCGGCGGCCACCTCACAGGCAAACAGGATG,CD81,0,0,217,761,610
CGGCCTCGCGCACCTTGAAG,CGGCCTCGCGCACCTTGAAG,CCACCGGCCTCGCGCACCTTGAAGAGGTTG,CD81,0,0,113,405,350
CGGCGTGCAGGGTGACGTCG,CGGCGTGCAGGGTGACGTCG,GCGTCGGCGTGCAGGGTGACGTCGTGGACG,EEF2,0,0,77,12,53
CGGCTTCCAGTGGGCCACCA,CGGCTTCCAGTGGGCCACCA,TGGCCGGCTTCCAGTGGGCCACCAAGGAGG,EEF2,0,0,97,39,8
CGGGCATCATCGCCTCGGCC,CGGGCATCATCGCCTCGGCC,AAGGCGGGCATCATCGCCTCGGCCCGGGCC,EEF2,0,0,104,281,248
CGGGCATGTCGACTTCTCCT,CGGGCATGTCGACTTCTCCT,CCCCCGGGCATGTCGACTTCTCCTCGGAGG,EEF2,0,0,256,6,2
CGGGTCATGGCGGAGCCACA,CGGGTCATGGCGGAGCCACA,TCTGCGGGTCATGGCGGAGCCACAGGGCCA,CD81,0,0,649,2809,2411
CGGTACTTCTGGGCCGTCAC,CGGTACTTCTGGGCCGTCAC,GCAGCGGTACTTCTGGGCCGTCACAGGGGA,EEF2,0,0,210,151,48
CGGTCAGCACACTGGCATAG,CGGTCAGCACACTGGCATAG,TGGGCGGTCAGCACACTGGCATAGAGGCAG,EEF2,0,0,98,726,697
CGTACCATGATGTTGCCCAT,CGTACCATGATGTTGCCCAT,GGGCCGTACCATGATGTTGCCCATGGGGCC,EEF2,0,0,610,483,528
CGTCAGCCACCAGCCCCGAA,AGTCAGCCACCAGCCCCGAA,AGCAAGTCAGCCACCAGCCCCGAAGGGAAG,EEF2,rC:dT,2,288,96,45
CGTCAGCCCTGTTGTCAGAG,CGTCAGCCCTGTTGTCAGAG,TCAGCGTCAGCCCTGTTGTCAGAGTGGCCG,EEF2,0,0,384,128,57
CGTCATCTCCACCTACGGCG,CATCATCTCCACCTACGGCG,ACGTCATCATCTCCACCTACGGCGAGGGCG,EEF2,rG:dT,3,363,217,276
CGTCCGGGGGCCCCTCGTAC,CGTCCGGGGGCCCCTCGTAC,TCGTCGTCCGGGGGCCCCTCGTACAGGAGC,EEF2,0,0,834,83,35
CGTCGTACAGGAGCTCGCAG,CCTCGTACAGGAGCTCGCAG,GGCCCCTCGTACAGGAGCTCGCAGCGGTAC,EEF2,rG:dG,3,372,10,10
CGTCTACCGTGAAGTTCACC,GGTCTACCGTGAAGTTCACC,ATCTGGTCTACCGTGAAGTTCACCTGGGCA,EEF2,rC:dC,2,676,122,64
CGTCTTCAATTTCGTCTTCT,CGTCTTCAATTTCGTCTTCT,TCTTCGTCTTCAATTTCGTCTTCTGGGTAA,CD81,0,0,1249,4779,3252
CGTGGCAGCTTCTTCCCTTC,CGTGGCAGCTTCTTCCCTTC,GGTGCGTGGCAGCTTCTTCCCTTCGGGGCT,EEF2,0,0,375,174,120
CGTGGGCGTGGACCAGTTCC,CGTGGGCGTGGACCAGTTCC,GCCTCGTGGGCGTGGACCAGTTCCTGGTGA,EEF2,0,0,405,126,101
CGTGTTCGAGGAGTCCCAGG,CGTGTTCGAGGAGTCCCAGG,GCCACGTGTTCGAGGAGTCCCAGGTGGCCG,EEF2,0,0,337,24,48
CGTGTTGGACCTCAGGTCAG,CGTGTTGGACCTCAGGTCAG,CGCCCGTGTTGGACCTCAGGTCAGCGGTGA,EEF2,0,0,84,2,2
CGTTGATGGGGATGCAGGCG,CCTTGATGGGGATGCAGGCG,CTCACCTTGATGGGGATGCAGGCGTGGTCC,EEF2,rG:dG,3,692,153,156
CTACATCATAAGAGGGCCTT,ATACATCATAAGAGGGCCTT,AAATATACATCATAAGAGGGCCTTTGGGGT,EEF2,rC:dT,2,633,1399,343
CTATACCCCTGGGAAGAAGG,CTATACCCCTGGGAAGAAGG,CCAACTATACCCCTGGGAAGAAGGAGGACC,EEF2,0,0,128,37,67
CTATGACCAGGCCCTACAGC,CTATGACCAGGCCCTACAGC,AGTTCTATGACCAGGCCCTACAGCAGGCCG,CD81,0,0,193,531,545
CTCACCAAAGGACTCGTTGA,CTCACCAAAGGACTCGTTGA,GGCACTCACCAAAGGACTCGTTGACGGGCA,EEF2,0,0,113,7,14
CTCACCTACATAGAAGGTGT,CTCACCTACATAGAAGGTGT,TGCACTCACCTACATAGAAGGTGTTGGGCG,CD81,0,0,315,1057,769
CTCACCTCTGGATTGGCTTC,CTCACCTCTGGATTGGCTTC,GCTGCTCACCTCTGGATTGGCTTCAGGTAG,EEF2,0,0,789,265,172
CTCAGTACACGGAGCTGTTC,CTCAGTACACGGAGCTGTTC,GGGCCTCAGTACACGGAGCTGTTCCGGATG,CD81,0,0,565,2374,1679
CTCCAGATACAGGAGGTTGG,CTCCAGATACAGGAGGTTGG,CCAGCTCCAGATACAGGAGGTTGGTGGTCT,CD81,0,0,367,1343,1093
CTCCAGCTGCAGCTCCAGCA,CTCCAGCTGCAGCTCCAGCA,CGGGCTCCAGCTGCAGCTCCAGCAGGGCGC,EEF2,0,0,156,27,11
CTCCATGAGGCGTGGCTGGG,CTCCATGAGGCGTGGCTGGG,TGGGCTCCATGAGGCGTGGCTGGGCGGTCA,EEF2,0,0,181,46,5
CTCCCAGCTCCAGATACAGG,CTCCCAGCTCCAGATACAGG,TTGTCTCCCAGCTCCAGATACAGGAGGTTG,CD81,0,0,259,661,322
CTCCCCCTTGGCGGCGAACT,CTCCCCCTTGGCGGCGAACT,GGCCCTCCCCCTTGGCGGCGAACTTGGCCA,EEF2,0,0,1476,218,359
CTCCCTCTTCTACGAGCTCT,CTCCCTCTTCTACGAGCTCT,CCATCTCCCTCTTCTACGAGCTCTCGGAGA,EEF2,0,0,419,96,15
CTCCGAGAGCTCGTAGAAGA,CTCCGAGAGCTCGTAGAAGA,CATTCTCCGAGAGCTCGTAGAAGAGGGAGA,EEF2,0,0,159,43,69
CTCCGGGCAGGATCTGCCAG,CTCCGGGCAGGATCTGCCAG,GGGTCTCCGGGCAGGATCTGCCAGTGGTCA,EEF2,0,0,251,18,4
CTCCGTGCCCACCTGCACCA,CTCCGTGCCCACCTGCACCA,TGCACTCCGTGCCCACCTGCACCATGGGGT,EEF2,0,0,228,16,4
CTCGCCTTTATCGATGTCCT,CTCGCCTTTATCGATGTCCT,ACACCTCGCCTTTATCGATGTCCTCGGCCA,EEF2,0,0,888,153,47
CTCGGCCAGGCCGTCGGGGA,CTCGGCCAGGCCGTCGGGGA,TGTCCTCGGCCAGGCCGTCGGGGAAGGGCC,EEF2,0,0,290,198,178
CTCTACTTTCTTGGCCCGCT,CTCTACTTTCTTGGCCCGCT,TGTCCTCTACTTTCTTGGCCCGCTCGGCAG,EEF2,0,0,541,505,444
CTGAGCATGGTGCTGTGCTG,CTGAGCATGGTGCTGTGCTG,GATCCTGAGCATGGTGCTGTGCTGTGGCAT,CD81,0,0,541,2737,2364
CTGATGATGTTGCTGCCCGA,CTGATGATGTTGCTGCCCGA,GTTGCTGATGATGTTGCTGCCCGAGGGACA,CD81,0,0,573,1208,904
CTGCACACCCTTGGTGATGT,CTGCACACCCTTGGTGATGT,GGTACTGCACACCCTTGGTGATGTCGGTGA,EEF2,0,0,620,57,21
CTGCACCATGGGGTCGGACT,CTGCACCATGGGGTCGGACT,CCACCTGCACCATGGGGTCGGACTTGGCCA,EEF2,0,0,714,137,63
CTGCCCGTCAACGAGTCCTT,CTGCCCGTCAACGAGTCCTT,CTATCTGCCCGTCAACGAGTCCTTTGGTGA,EEF2,0,0,450,73,27
CTGCCTGAAGGACCTGGAGG,CTGCCTGAAGGACCTGGAGG,AGATCTGCCTGAAGGACCTGGAGGAGGACC,EEF2,0,0,609,248,128
CTGCTTGAGCTCCTGACGGG,CTGCTTGAGCTCCTGACGGG,CCCGCTGCTTGAGCTCCTGACGGGCGGACA,EEF2,0,0,197,100,78
CTGGATCTCCACAAGGTAGA,CTGGATCTCCACAAGGTAGA,TCACCTGGATCTCCACAAGGTAGATGGGCT,EEF2,0,0,140,22,5
CTGGCAGTGTCCAGAGCAGG,CTGGCAGTGTCCAGAGCAGG,CCTTCTGGCAGTGTCCAGAGCAGGTGGTCG,EEF2,0,0,590,73,76
CTGGCCCCCTCCGCGGTGGA,CTGGCCCCCTCCGCGGTGGA,TGATCTGGCCCCCTCCGCGGTGGATGGCGT,EEF2,0,0,231,123,85
CTGGCTGGAGGCGTGATCCT,CTGGCTGGAGGCGTGATCCT,CCAGCTGGCTGGAGGCGTGATCCTGGGTGT,CD81,0,0,487,1889,1570
CTGTCAGCGTGGACTTGCCA,CTGTCAGCGTGGACTTGCCA,GAGTCTGTCAGCGTGGACTTGCCATGGTCC,EEF2,0,0,315,138,143
CTGTGTGAGGAGAACATGCG,CTGTGTGAGGAGAACATGCG,CGCACTGTGTGAGGAGAACATGCGGGGTGT,EEF2,0,0,169,28,3
CTGTTGTCGAAGGGGTCTCC,CTGTTGTCGAAGGGGTCTCC,GCTGCTGTTGTCGAAGGGGTCTCCGGGCAG,EEF2,0,0,831,71,96
CTTCAGCCCCTCCACCAGCT,CTTCAGCCCCTCCACCAGCT,GCCGCTTCAGCCCCTCCACCAGCTTGGGCA,EEF2,0,0,171,4,1
CTTCATCTCCACCTACGGCG,CATCATCTCCACCTACGGCG,ACGTCATCATCTCCACCTACGGCGAGGGCG,EEF2,rU:dT,3,1426,2515,2469
CTTCCAGTGGGCCACCAAGG,CTTCCAGTGGGCCACCAAGG,CCGGCTTCCAGTGGGCCACCAAGGAGGTGA,EEF2,0,0,344,55,47
CTTCCCCGACGGCCTGGCCG,CTTCCCCGACGGCCTGGCCG,GGCCCTTCCCCGACGGCCTGGCCGAGGACA,EEF2,0,0,635,2832,2122
CTTCGAGATGATCCTGAGCA,CTTCGAGATGATCCTGAGCA,AGATCTTCGAGATGATCCTGAGCATGGTGC,CD81,0,0,361,1391,1231
CTTCGTACAGGAGCTCGCAG,CCTCGTACAGGAGCTCGCAG,GGCCCCTCGTACAGGAGCTCGCAGCGGTAC,EEF2,rU:dG,3,1228,54,46
CTTCTGGGCCGTCACAGGGG,CTTCTGGGCCGTCACAGGGG,GGTACTTCTGGGCCGTCACAGGGGAGGGCA,EEF2,0,0,659,202,62
CTTCTTCCCAGGGGTATAGT,CTTCTTCCCAGGGGTATAGT,CCTCCTTCTTCCCAGGGGTATAGTTGGGCC,EEF2,0,0,112,44,20
CTTCTTCCCTTCGGGGCTGG,CTTCTTCCCTTCGGGGCTGG,GCAGCTTCTTCCCTTCGGGGCTGGTGGCTG,EEF2,0,0,420,369,287
CTTGATGATGGGCCGCTACG,CTTGATGATGGGCCGCTACG,CAATCTTGATGATGGGCCGCTACGTGGAGC,EEF2,0,0,505,176,40
CTTGGTGGCCCACTGGAAGC,CTTGGTGGCCCACTGGAAGC,CCTCCTTGGTGGCCCACTGGAAGCCGGCCA,EEF2,0,0,199,3,24
CTTTATCGATGTCCTCGGCC,CTTTATCGATGTCCTCGGCC,TCGCCTTTATCGATGTCCTCGGCCAGGCCG,EEF2,0,0,405,408,155
CTTTCAGGCCCTTGCGCTTG,CTTTCAGGCCCTTGCGCTTG,CCTTCTTTCAGGCCCTTGCGCTTGCGGGTC,EEF2,0,0,402,340,487
CTTTGATGGGGATGCAGGCG,CCTTGATGGGGATGCAGGCG,CTCACCTTGATGGGGATGCAGGCGTGGTCC,EEF2,rU:dG,3,307,401,171
GAAAGAAGGCATCCCTGCCC,GAAAGAAGGCATCCCTGCCC,GCCTGAAAGAAGGCATCCCTGCCCTGGACA,EEF2,0,0,85,4,11
GAAAGTCTGGTAGAGCTCCT,GAAAGTCTGGTAGAGCTCCT,GCTGGAAAGTCTGGTAGAGCTCCTCGGGCT,EEF2,0,0,691,41,74
GAACGCCTGGCCGCCCGTGT,GAACGCCTGGCCGCCCGTGT,GGGGGAACGCCTGGCCGCCCGTGTTGGACC,EEF2,0,0,259,5,12
GAACTTGGCCACATACATCT,GAACTTGGCCACATACATCT,CGGCGAACTTGGCCACATACATCTCGGCAA,EEF2,0,0,797,87,41
GAAGAAGTCGACATGCCCGG,GGAGAAGTCGACATGCCCGG,CCGAGGAGAAGTCGACATGCCCGGGGGAGT,EEF2,rA:dC,3,274,581,453
GAAGCGGGGCCACGTGTTCG,GAAGCGGGGCCACGTGTTCG,ACAGGAAGCGGGGCCACGTGTTCGAGGAGT,EEF2,0,0,385,1115,906
GAAGCGTGTCTCCCCGGCCC,GAAGCGTGTCTCCCCGGCCC,CAGTGAAGCGTGTCTCCCCGGCCCGGGCCG,EEF2,0,0,213,49,22
GAAGGTCTTCACCACAGCCT,GAAGGTCTTCACCACAGCCT,CGTGGAAGGTCTTCACCACAGCCTTGGCGT,CD81,0,0,584,1551,847
GACAAAGCCCCAGATGCCGG,GACAAAGCCCCAGATGCCGG,TGTTGACAAAGCCCCAGATGCCGGCGGCCA,CD81,0,0,398,1341,908
GACAGACATGTTGCGGATGT,GACAGACATGTTGCGGATGT,CGATGACAGACATGTTGCGGATGTTGGCCT,EEF2,0,0,81,1,11
GACAGACTCCCTGGTGTGCA,GACAGACTCCCTGGTGTGCA,CGCTGACAGACTCCCTGGTGTGCAAGGCGG,EEF2,0,0,234,80,18
GACCACAAACATGGGGGTGC,GACCACAAACATGGGGGTGC,CCTTGACCACAAACATGGGGGTGCCGGCCA,EEF2,0,0,569,386,339
GACCACCAACCTCCTGTATC,GACCACCAACCTCCTGTATC,CGCAGACCACCAACCTCCTGTATCTGGAGC,CD81,0,0,796,3042,2169
GACCACTGGCAGATCCTGCC,GACCACTGGCAGATCCTGCC,GTTTGACCACTGGCAGATCCTGCCCGGAGA,EEF2,0,0,314,48,53
GACCAGTTCCTGGTGAAGAC,GACCAGTTCCTGGTGAAGAC,CGTGGACCAGTTCCTGGTGAAGACGGGCAC,EEF2,0,0,150,66,24
GACCGCCCAGCCACGCCTCA,GACCGCCCAGCCACGCCTCA,TGCTGACCGCCCAGCCACGCCTCATGGAGC,EEF2,0,0,220,80,105
GACCTGAGGTCCAACACGGG,GACCTGAGGTCCAACACGGG,CGCTGACCTGAGGTCCAACACGGGCGGCCA,EEF2,0,0,176,29,22
GACCTGCCCAAGCTGGTGGA,GACCTGCCCAAGCTGGTGGA,GGCTGACCTGCCCAAGCTGGTGGAGGGGCT,EEF2,0,0,205,27,15
GACGCCATCCACCGCGGAGG,GACGCCATCCACCGCGGAGG,CGCCGACGCCATCCACCGCGGAGGGGGCCA,EEF2,0,0,220,21,15
GACGGAGACAGTGCTGCGGC,GACGGAGACAGTGCTGCGGC,TGCAGACGGAGACAGTGCTGCGGCAGGCCA,EEF2,0,0,161,37,10
GACTCCCTGGTGTGCAAGGC,GACTCCCTGGTGTGCAAGGC,GACAGACTCCCTGGTGTGCAAGGCGGGCAT,EEF2,0,0,168,34,29
GAGCAGGTACTTGATGCACT,GAGCAGGTACTTGATGCACT,CGAAGAGCAGGTACTTGATGCACTTGGTGC,CD81,0,0,221,914,598
GAGCATATCATCGCGGGCGC,GAGCATATCATCGCGGGCGC,GGGAGAGCATATCATCGCGGGCGCCGGCGA,EEF2,0,0,316,124,59
GAGCTCGTAGAAGAGGGAGA,GAGCTCGTAGAAGAGGGAGA,CCGAGAGCTCGTAGAAGAGGGAGATGGCAC,EEF2,0,0,82,2,0
GAGGAGAAGTCGACATGCCC,GAGGAGAAGTCGACATGCCC,CTCCGAGGAGAAGTCGACATGCCCGGGGGA,EEF2,0,0,299,329,334
GAGGGCAGCAGTCACCTCCG,GAGGGCAGCAGTCACCTCCG,CTCGGAGGGCAGCAGTCACCTCCGAGGAGA,EEF2,0,0,127,86,70
GAGGGCGAGAGCGGCCCCAT,GAGGGCGAGAGCGGCCCCAT,CGGCGAGGGCGAGAGCGGCCCCATGGGCAA,EEF2,0,0,111,844,465
GAGGTCCAACACGGGCGGCC,GAGGTCCAACACGGGCGGCC,ACCTGAGGTCCAACACGGGCGGCCAGGCGT,EEF2,0,0,504,2209,1618
GAGGTCCTCCTTCTTCCCAG,GAGGTCCTCCTTCTTCCCAG,GGTAGAGGTCCTCCTTCTTCCCAGGGGTAT,EEF2,0,0,427,32,46
GAGGTGGCCGCCGGCATCTG,GAGGTGGCCGCCGGCATCTG,CTGTGAGGTGGCCGCCGGCATCTGGGGCTT,CD81,0,0,866,3007,2141
GATCATCTCCACCTACGGCG,CATCATCTCCACCTACGGCG,ACGTCATCATCTCCACCTACGGCGAGGGCG,EEF2,rG:dG,2,630,366,452
GATCATGAATTTCAAGAAAG,GATCATGAATTTCAAGAAAG,ATGCGATCATGAATTTCAAGAAAGAGGAGA,EEF2,0,0,80,0,39
GATCCTGACCTTCAGGCCAG,GATCCTGACCTTCAGGCCAG,CCATGATCCTGACCTTCAGGCCAGTGGAGA,EEF2,0,0,330,20,23
GATCCTGGACCCCATCTTCA,GATCCTGGACCCCATCTTCA,AGCTGATCCTGGACCCCATCTTCAAGGTGA,EEF2,0,0,759,78,61
GATCCTGTCCTCGGTACCGT,GATCCTGTCCTCGGTACCGT,GATCGATCCTGTCCTCGGTACCGTGGGCTT,EEF2,0,0,247,16,33
GATCTACCGTGAAGTTCACC,GGTCTACCGTGAAGTTCACC,ATCTGGTCTACCGTGAAGTTCACCTGGGCA,EEF2,rA:dC,3,294,48,70
GATCTCCAGGTGCAGCTCGC,GATCTCCAGGTGCAGCTCGC,GGCAGATCTCCAGGTGCAGCTCGCCGGCGC,EEF2,0,0,103,0,2
GATCTGCCTGAAGGACCTGG,GATCTGCCTGAAGGACCTGG,TGGAGATCTGCCTGAAGGACCTGGAGGAGG,EEF2,0,0,486,22,9
GATGCCCGCCTTGCACACCA,GATGCCCGCCTTGCACACCA,CGATGATGCCCGCCTTGCACACCAGGGAGT,EEF2,0,0,525,5,7
GATGCCGGCGGCCACCTCAC,GATGCCGGCGGCCACCTCAC,CCCAGATGCCGGCGGCCACCTCACAGGCAA,CD81,0,0,151,363,364
GATGGTGATCATCTGCAACA,GATGGTGATCATCTGCAACA,GGTGGATGGTGATCATCTGCAACAAGGCGT,EEF2,0,0,329,20,2
GATGTCCTCGGCCAGGCCGT,GATGTCCTCGGCCAGGCCGT,TATCGATGTCCTCGGCCAGGCCGTCGGGGA,EEF2,0,0,475,129,58
GATGTTGGGGCCGGTGCCGT,GATGTTGGGGCCGGTGCCGT,TGAGGATGTTGGGGCCGGTGCCGTCGGGCC,EEF2,0,0,207,107,61
GCACAACCGGCTGTACATGA,GCACAACCGGCTGTACATGA,ACAAGCACAACCGGCTGTACATGAAGGCGC,EEF2,0,0,423,42,23
GCAGAAGTCGACATGCCCGG,GGAGAAGTCGACATGCCCGG,CCGAGGAGAAGTCGACATGCCCGGGGGAGT,EEF2,rC:dC,3,292,485,419
GCAGCAGCTCCAGCAGGGCG,GCTGCAGCTCCAGCAGGGCG,TCCAGCTGCAGCTCCAGCAGGGCGCGGTCC,EEF2,rA:dA,4,189,96,64
GCAGTACCTCAACGAGATCA,GCAGTACCTCAACGAGATCA,GTGTGCAGTACCTCAACGAGATCAAGGACA,EEF2,0,0,212,19,4
GCAGTTTGCCGAGATGTATG,GCAGTTTGCCGAGATGTATG,TGAAGCAGTTTGCCGAGATGTATGTGGCCA,EEF2,0,0,316,83,10
GCATGTCGACTTCTCCTCGG,GCATGTCGACTTCTCCTCGG,CCGGGCATGTCGACTTCTCCTCGGAGGTGA,EEF2,0,0,924,72,36
GCCAAGGGGGAGGGCCAGTT,GCCAAGGGGGAGGGCCAGTT,CGCCGCCAAGGGGGAGGGCCAGTTGGGGCC,EEF2,0,0,163,219,140
GCCAGATCATCCCCACAGCA,GCCAGATCATCCCCACAGCA,GGGGGCCAGATCATCCCCACAGCACGGCGC,EEF2,0,0,67,1,2
GCCAGTGGTCAAACACACAC,GCCAGTGGTCAAACACACAC,ATCTGCCAGTGGTCAAACACACACTGGGGG,EEF2,0,0,80,5,0
GCCAGTTGGGGCCTGCCGAG,GCCAGTTGGGGCCTGCCGAG,GAGGGCCAGTTGGGGCCTGCCGAGCGGGCC,EEF2,0,0,242,204,168
GCCCAAAGCACCAGATCTTG,GCCCAAAGCACCAGATCTTG,TCGGGCCCAAAGCACCAGATCTTGCGGGCC,EEF2,0,0,413,80,22
GCCCACCTGCACCATGGGGT,GCCCACCTGCACCATGGGGT,CCGTGCCCACCTGCACCATGGGGTCGGACT,EEF2,0,0,399,39,25
GCCCAGGCCGCACCTTCAGC,GCCCAGGCCGCACCTTCAGC,CTGGGCCCAGGCCGCACCTTCAGCAGGGGT,EEF2,0,0,338,230,362
GCCCATCATCAAGATTGTTC,GCCCATCATCAAGATTGTTC,AGCGGCCCATCATCAAGATTGTTCTGGAAG,EEF2,0,0,371,17,9
GCCCCATGATCCTGACCTTC,GCCCCATGATCCTGACCTTC,TTGGGCCCCATGATCCTGACCTTCAGGCCA,EEF2,0,0,224,9,21
GCCCCTCCACCAGCTTGGGC,GCCCCTCCACCAGCTTGGGC,TTCAGCCCCTCCACCAGCTTGGGCAGGTCA,EEF2,0,0,285,123,170
GCCCGCAAGATCTGGTGCTT,GCCCGCAAGATCTGGTGCTT,TGAGGCCCGCAAGATCTGGTGCTTTGGGCC,EEF2,0,0,591,72,124
GCCCTCACTCACCTTGAAGA,GCCCTCACTCACCTTGAAGA,CGCAGCCCTCACTCACCTTGAAGATGGGGT,EEF2,0,0,371,16,22
GCCGACGCCATCCACCGCGG,GCCGACGCCATCCACCGCGG,GCACGCCGACGCCATCCACCGCGGAGGGGG,EEF2,0,0,102,5,2
GCCGATGAGGTACAGCTTCC,GCCGATGAGGTACAGCTTCC,CAATGCCGATGAGGTACAGCTTCCCGGAGA,CD81,0,0,136,365,163
GCCGCAGCTCCAGCAGGGCG,GCTGCAGCTCCAGCAGGGCG,TCCAGCTGCAGCTCCAGCAGGGCGCGGTCC,EEF2,rC:dA,4,245,83,42
GCCGCGCCTTCATGTACAGC,GCCGCGCCTTCATGTACAGC,AAGGGCCGCGCCTTCATGTACAGCCGGTTG,EEF2,0,0,515,227,360
GCCGTGCCTCACCTCCTTGG,GCCGTGCCTCACCTCCTTGG,CTGAGCCGTGCCTCACCTCCTTGGTGGCCC,EEF2,0,0,138,129,156
GCCGTGCTGTGGGGATGATC,GCCGTGCTGTGGGGATGATC,CAGCGCCGTGCTGTGGGGATGATCTGGCCC,EEF2,0,0,132,17,17
GCCTGAAGGTCAGGATCATG,GCCTGAAGGTCAGGATCATG,ACTGGCCTGAAGGTCAGGATCATGGGGCCC,EEF2,0,0,510,51,64
GCCTTTGGACGAGTCTTCTC,GCCTTTGGACGAGTCTTCTC,CTACGCCTTTGGACGAGTCTTCTCGGGGCT,EEF2,0,0,549,55,41
GCGCCCAACACCTTCTATGT,GCGCCCAACACCTTCTATGT,GCCCGCGCCCAACACCTTCTATGTAGGTGA,CD81,0,0,241,847,597
GCGGAGACCCGCAAGCGCAA,GCGGAGACCCGCAAGCGCAA,GGTGGCGGAGACCCGCAAGCGCAAGGGCCT,EEF2,0,0,252,24,2
GCGGCCCTTCCCCGACGGCC,GCGGCCCTTCCCCGACGGCC,AGGCGCGGCCCTTCCCCGACGGCCTGGCCG,EEF2,0,0,547,421,191
GCGGGTCATGGCGGAGCCAC,GCGGGTCATGGCGGAGCCAC,GTCTGCGGGTCATGGCGGAGCCACAGGGCC,CD81,0,0,98,354,400
GCGTGGCAGCTTCTTCCCTT,GCGTGGCAGCTTCTTCCCTT,AGGTGCGTGGCAGCTTCTTCCCTTCGGGGC,EEF2,0,0,254,74,69
GCTACAGCTCCAGCAGGGCG,GCTGCAGCTCCAGCAGGGCG,TCCAGCTGCAGCTCCAGCAGGGCGCGGTCC,EEF2,rA:dC,5,313,102,44
GCTCCAGCTCCAGCAGGGCG,GCTGCAGCTCCAGCAGGGCG,TCCAGCTGCAGCTCCAGCAGGGCGCGGTCC,EEF2,rC:dC,5,149,299,284
GCTCCAGCTGCAGCTCCAGC,GCTCCAGCTGCAGCTCCAGC,TCGGGCTCCAGCTGCAGCTCCAGCAGGGCG,EEF2,0,0,305,45,44
GCTCCAGTTCTTCACCTGCC,GCTCCAGTTCTTCACCTGCC,CCCGGCTCCAGTTCTTCACCTGCCTGGTCA,CD81,0,0,652,2580,1708
GCTCCTGTACGAGGGGCCCC,GCTCCTGTACGAGGGGCCCC,GCGAGCTCCTGTACGAGGGGCCCCCGGACG,EEF2,0,0,288,160,65
GCTCGTACAGGAGCTCGCAG,CCTCGTACAGGAGCTCGCAG,GGCCCCTCGTACAGGAGCTCGCAGCGGTAC,EEF2,rG:dG,2,398,107,112
GCTCTACCGTGAAGTTCACC,GGTCTACCGTGAAGTTCACC,ATCTGGTCTACCGTGAAGTTCACCTGGGCA,EEF2,rC:dC,3,387,95,64
GCTCTCGCCCTCGCCGTAGG,GCTCTCGCCCTCGCCGTAGG,GGCCGCTCTCGCCCTCGCCGTAGGTGGAGA,EEF2,0,0,340,43,79
GCTCTTTCCCAGCTGGCTGG,GCTCTTTCCCAGCTGGCTGG,TCCCGCTCTTTCCCAGCTGGCTGGAGGCGT,CD81,0,0,1047,3951,2895
GCTGAAGCTCCAGCAGGGCG,GCTGCAGCTCCAGCAGGGCG,TCCAGCTGCAGCTCCAGCAGGGCGCGGTCC,EEF2,rA:dG,6,639,1495,1062
GCTGACCTGAGGTCCAACAC,GCTGACCTGAGGTCCAACAC,CACCGCTGACCTGAGGTCCAACACGGGCGG,EEF2,0,0,188,26,17
GCTGATGATGTTGCTGCCCG,GCTGATGATGTTGCTGCCCG,GGTTGCTGATGATGTTGCTGCCCGAGGGAC,CD81,0,0,120,421,385
GCTGCAACTCCAGCAGGGCG,GCTGCAGCTCCAGCAGGGCG,TCCAGCTGCAGCTCCAGCAGGGCGCGGTCC,EEF2,rA:dC,8,642,177,77
GCTGCACCTCCAGCAGGGCG,GCTGCAGCTCCAGCAGGGCG,TCCAGCTGCAGCTCCAGCAGGGCGCGGTCC,EEF2,rC:dC,8,150,203,196
GCTGCAGATCCAGCAGGGCG,GCTGCAGCTCCAGCAGGGCG,TCCAGCTGCAGCTCCAGCAGGGCGCGGTCC,EEF2,rA:dG,9,162,245,44
GCTGCAGCACCAGCAGGGCG,GCTGCAGCTCCAGCAGGGCG,TCCAGCTGCAGCTCCAGCAGGGCGCGGTCC,EEF2,rA:dA,10,69,29,29
GCTGCAGCCCCAGCAGGGCG,GCTGCAGCTCCAGCAGGGCG,TCCAGCTGCAGCTCCAGCAGGGCGCGGTCC,EEF2,rC:dA,10,263,63,36
GCTGCAGCGCCAGCAGGGCG,GCTGCAGCTCCAGCAGGGCG,TCCAGCTGCAGCTCCAGCAGGGCGCGGTCC,EEF2,rG:dA,10,151,205,113
GCTGCAGCTACAGCAGGGCG,GCTGCAGCTCCAGCAGGGCG,TCCAGCTGCAGCTCCAGCAGGGCGCGGTCC,EEF2,rA:dG,2,331,57,26
GCTGCAGCTCAAGCAGGGCG,GCTGCAGCTCCAGCAGGGCG,TCCAGCTGCAGCTCCAGCAGGGCGCGGTCC,EEF2,rA:dG,12,258,145,41
GCTGCAGCTCCAACAGGGCG,GCTGCAGCTCCAGCAGGGCG,TCCAGCTGCAGCTCCAGCAGGGCGCGGTCC,EEF2,rA:dC,14,208,130,109
GCTGCAGCTCCACCAGGGCG,GCTGCAGCTCCAGCAGGGCG,TCCAGCTGCAGCTCCAGCAGGGCGCGGTCC,EEF2,rC:dC,14,358,1393,1150
GCTGCAGCTCCAGAAGGGCG,GCTGCAGCTCCAGCAGGGCG,TCCAGCTGCAGCTCCAGCAGGGCGCGGTCC,EEF2,rA:dG,15,261,93,152
GCTGCAGCTCCAGCAAGGCG,GCTGCAGCTCCAGCAGGGCG,TCCAGCTGCAGCTCCAGCAGGGCGCGGTCC,EEF2,rA:dC,17,244,1001,798
GCTGCAGCTCCAGCACGGCG,GCTGCAGCTCCAGCAGGGCG,TCCAGCTGCAGCTCCAGCAGGGCGCGGTCC,EEF2,rC:dC,17,143,288,262
GCTGCAGCTCCAGCAGAGCG,GCTGCAGCTCCAGCAGGGCG,TCCAGCTGCAGCTCCAGCAGGGCGCGGTCC,EEF2,rA:dC,18,180,421,274
GCTGCAGCTCCAGCAGCGCG,GCTGCAGCTCCAGCAGGGCG,TCCAGCTGCAGCTCCAGCAGGGCGCGGTCC,EEF2,rC:dC,18,152,953,889
GCTGCAGCTCCAGCAGGACG,GCTGCAGCTCCAGCAGGGCG,TCCAGCTGCAGCTCCAGCAGGGCGCGGTCC,EEF2,rA:dC,19,231,106,94
GCTGCAGCTCCAGCAGGCCG,GCTGCAGCTCCAGCAGGGCG,TCCAGCTGCAGCTCCAGCAGGGCGCGGTCC,EEF2,rC:dC,19,163,800,774
GCTGCAGCTCCAGCAGGGAG,GCTGCAGCTCCAGCAGGGCG,TCCAGCTGCAGCTCCAGCAGGGCGCGGTCC,EEF2,rA:dG,20,81,314,262
GCTGCAGCTCCAGCAGGGCA,GCTGCAGCTCCAGCAGGGCG,TCCAGCTGCAGCTCCAGCAGGGCGCGGTCC,EEF2,rA:dC,3,359,371,355
GCTGCAGCTCCAGCAGGGCC,GCTGCAGCTCCAGCAGGGCG,TCCAGCTGCAGCTCCAGCAGGGCGCGGTCC,EEF2,rC:dC,3,226,89,27
GCTGCAGCTCCAGCAGGGCG,GCTGCAGCTCCAGCAGGGCG,TCCAGCTGCAGCTCCAGCAGGGCGCGGTCC,EEF2,0,0,530,486,390
GCTGCAGCTCCAGCAGGGCT,GCTGCAGCTCCAGCAGGGCG,TCCAGCTGCAGCTCCAGCAGGGCGCGGTCC,EEF2,rU:dC,3,271,1364,870
GCTGCAGCTCCAGCAGGGGG,GCTGCAGCTCCAGCAGGGCG,TCCAGCTGCAGCTCCAGCAGGGCGCGGTCC,EEF2,rG:dG,20,263,371,350
GCTGCAGCTCCAGCAGGGTG,GCTGCAGCTCCAGCAGGGCG,TCCAGCTGCAGCTCCAGCAGGGCGCGGTCC,EEF2,rU:dG,20,292,82,31
GCTGCAGCTCCAGCAGGTCG,GCTGCAGCTCCAGCAGGGCG,TCCAGCTGCAGCTCCAGCAGGGCGCGGTCC,EEF2,rU:dC,19,49,96,72
GCTGCAGCTCCAGCATGGCG,GCTGCAGCTCCAGCAGGGCG,TCCAGCTGCAGCTCCAGCAGGGCGCGGTCC,EEF2,rU:dC,17,968,906,939
GCTGCAGCTCCAGCCGGGCG,GCTGCAGCTCCAGCAGGGCG,TCCAGCTGCAGCTCCAGCAGGGCGCGGTCC,EEF2,rC:dT,16,325,978,812
GCTGCAGCTCCAGCGGGGCG,GCTGCAGCTCCAGCAGGGCG,TCCAGCTGCAGCTCCAGCAGGGCGCGGTCC,EEF2,rG:dT,16,516,291,208
GCTGCAGCTCCAGCTGGGCG,GCTGCAGCTCCAGCAGGGCG,TCCAGCTGCAGCTCCAGCAGGGCGCGGTCC,EEF2,rU:dT,16,225,252,188
GCTGCAGCTCCAGGAGGGCG,GCTGCAGCTCCAGCAGGGCG,TCCAGCTGCAGCTCCAGCAGGGCGCGGTCC,EEF2,rG:dG,15,240,97,75
GCTGCAGCTCCAGTAGGGCG,GCTGCAGCTCCAGCAGGGCG,TCCAGCTGCAGCTCCAGCAGGGCGCGGTCC,EEF2,rU:dG,15,109,198,331
GCTGCAGCTCCATCAGGGCG,GCTGCAGCTCCAGCAGGGCG,TCCAGCTGCAGCTCCAGCAGGGCGCGGTCC,EEF2,rU:dC,14,91,182,130
GCTGCAGCTCCCGCAGGGCG,GCTGCAGCTCCAGCAGGGCG,TCCAGCTGCAGCTCCAGCAGGGCGCGGTCC,EEF2,rC:dT,13,581,326,143
GCTGCAGCTCCGGCAGGGCG,GCTGCAGCTCCAGCAGGGCG,TCCAGCTGCAGCTCCAGCAGGGCGCGGTCC,EEF2,rG:dT,13,158,39,2
GCTGCAGCTCGAGCAGGGCG,GCTGCAGCTCCAGCAGGGCG,TCCAGCTGCAGCTCCAGCAGGGCGCGGTCC,EEF2,rG:dG,12,494,20,38
GCTGCAGCTCTAGCAGGGCG,GCTGCAGCTCCAGCAGGGCG,TCCAGCTGCAGCTCCAGCAGGGCGCGGTCC,EEF2,rU:dG,12,239,78,12
GCTGCAGCTGCAGCAGGGCG,GCTGCAGCTCCAGCAGGGCG,TCCAGCTGCAGCTCCAGCAGGGCGCGGTCC,EEF2,rG:dG,2,287,920,356
GCTGCAGGTCCAGCAGGGCG,GCTGCAGCTCCAGCAGGGCG,TCCAGCTGCAGCTCCAGCAGGGCGCGGTCC,EEF2,rG:dG,9,237,73,26
GCTGCAGTTCCAGCAGGGCG,GCTGCAGCTCCAGCAGGGCG,TCCAGCTGCAGCTCCAGCAGGGCGCGGTCC,EEF2,rU:dG,9,379,34,45
GCTGCATCTCCAGCAGGGCG,GCTGCAGCTCCAGCAGGGCG,TCCAGCTGCAGCTCCAGCAGGGCGCGGTCC,EEF2,rU:dC,8,208,435,153
GCTGCCCTCCGAGTCACCGA,GCTGCCCTCCGAGTCACCGA,GACTGCTGCCCTCCGAGTCACCGATGGCGC,EEF2,0,0,258,23,46
GCTGCGAGCTCCTGTACGAG,GCTGCGAGCTCCTGTACGAG,TACCGCTGCGAGCTCCTGTACGAGGGGCCC,EEF2,0,0,98,19,8
GCTGCGGCTCCAGCAGGGCG,GCTGCAGCTCCAGCAGGGCG,TCCAGCTGCAGCTCCAGCAGGGCGCGGTCC,EEF2,rG:dT,7,613,109,81
GCTGCTGCTCCAGCAGGGCG,GCTGCAGCTCCAGCAGGGCG,TCCAGCTGCAGCTCCAGCAGGGCGCGGTCC,EEF2,rU:dT,7,702,176,98
GCTGGAGCTCCAGCAGGGCG,GCTGCAGCTCCAGCAGGGCG,TCCAGCTGCAGCTCCAGCAGGGCGCGGTCC,EEF2,rG:dG,6,304,96,53
GCTGGCCAAGTCCGACCCCA,GCTGGCCAAGTCCGACCCCA,AGCGGCTGGCCAAGTCCGACCCCATGGTGC,EEF2,0,0,264,48,2
GCTGGCTGGAGGCGTGATCC,GCTGGCTGGAGGCGTGATCC,CCCAGCTGGCTGGAGGCGTGATCCTGGGTG,CD81,0,0,317,1195,1095
GCTGGTCTCCACTGGCCTGA,GCTGGTCTCCACTGGCCTGA,CGGGGCTGGTCTCCACTGGCCTGAAGGTCA,EEF2,0,0,313,103,32
GCTGTAGCTCCAGCAGGGCG,GCTGCAGCTCCAGCAGGGCG,TCCAGCTGCAGCTCCAGCAGGGCGCGGTCC,EEF2,rU:dG,6,385,78,56
GCTGTTGTCGAAGGGGTCTC,GCTGTTGTCGAAGGGGTCTC,GGCTGCTGTTGTCGAAGGGGTCTCCGGGCA,EEF2,0,0,237,16,7
GCTTCACATCCTTGGCGATC,GCTTCACATCCTTGGCGATC,AACTGCTTCACATCCTTGGCGATCTGGGGG,CD81,0,0,834,3135,2307
GCTTCAGCTCCAGCAGGGCG,GCTGCAGCTCCAGCAGGGCG,TCCAGCTGCAGCTCCAGCAGGGCGCGGTCC,EEF2,rU:dC,5,511,138,98
GCTTGATGGGGATGCAGGCG,CCTTGATGGGGATGCAGGCG,CTCACCTTGATGGGGATGCAGGCGTGGTCC,EEF2,rG:dG,2,228,31,64
GCTTGTTGGGGGACTTGGAG,GCTTGTTGGGGGACTTGGAG,TTGTGCTTGTTGGGGGACTTGGAGAGGCAG,EEF2,0,0,210,133,123
GCTTTGGGTCTGGCCTCCAC,GCTTTGGGTCTGGCCTCCAC,GTGGGCTTTGGGTCTGGCCTCCACGGGTGG,EEF2,0,0,396,16,20
GGAAAAGTCGACATGCCCGG,GGAGAAGTCGACATGCCCGG,CCGAGGAGAAGTCGACATGCCCGGGGGAGT,EEF2,rA:dC,5,300,988,1178
GGAACTGGTCCACGCCCACG,GGAACTGGTCCACGCCCACG,ACCAGGAACTGGTCCACGCCCACGAGGCCC,EEF2,0,0,199,42,44
GGACAAGTCGACATGCCCGG,GGAGAAGTCGACATGCCCGG,CCGAGGAGAAGTCGACATGCCCGGGGGAGT,EEF2,rC:dC,5,504,1547,1626
GGACATCAAACTGGACAGCG,GGACATCAAACTGGACAGCG,AACTGGACATCAAACTGGACAGCGAGGACA,EEF2,0,0,330,349,198
GGACATGATGAAGAAGCTGT,GGACATGATGAAGAAGCTGT,TAGAGGACATGATGAAGAAGCTGTGGGGTG,EEF2,0,0,507,24,18
GGACTACCGTGAAGTTCACC,GGTCTACCGTGAAGTTCACC,ATCTGGTCTACCGTGAAGTTCACCTGGGCA,EEF2,rA:dA,4,504,116,109
GGACTCGTTGACGGGCAGAT,GGACTCGTTGACGGGCAGAT,CAAAGGACTCGTTGACGGGCAGATAGGCCT,EEF2,0,0,382,74,64
GGACTTGCCATGGTCCACGT,GGACTTGCCATGGTCCACGT,GCGTGGACTTGCCATGGTCCACGTGGGCGA,EEF2,0,0,268,23,12
GGAGAAATCGACATGCCCGG,GGAGAAGTCGACATGCCCGG,CCGAGGAGAAGTCGACATGCCCGGGGGAGT,EEF2,rA:dC,8,452,1478,1413
GGAGAACTCGACATGCCCGG,GGAGAAGTCGACATGCCCGG,CCGAGGAGAAGTCGACATGCCCGGGGGAGT,EEF2,rC:dC,8,215,941,935
GGAGAAGACGACATGCCCGG,GGAGAAGTCGACATGCCCGG,CCGAGGAGAAGTCGACATGCCCGGGGGAGT,EEF2,rA:dA,9,471,1511,1473
GGAGAAGCCGACATGCCCGG,GGAGAAGTCGACATGCCCGG,CCGAGGAGAAGTCGACATGCCCGGGGGAGT,EEF2,rC:dA,9,224,674,759
GGAGAAGGCGACATGCCCGG,GGAGAAGTCGACATGCCCGG,CCGAGGAGAAGTCGACATGCCCGGGGGAGT,EEF2,rG:dA,9,264,384,498
GGAGAAGTAGACATGCCCGG,GGAGAAGTCGACATGCCCGG,CCGAGGAGAAGTCGACATGCCCGGGGGAGT,EEF2,rA:dG,10,343,1573,1484
GGAGAAGTCAACATGCCCGG,GGAGAAGTCGACATGCCCGG,CCGAGGAGAAGTCGACATGCCCGGGGGAGT,EEF2,rA:dC,2,209,1100,845
GGAGAAGTCGAAATGCCCGG,GGAGAAGTCGACATGCCCGG,CCGAGGAGAAGTCGACATGCCCGGGGGAGT,EEF2,rA:dG,13,499,3212,2479
GGAGAAGTCGACAAGCCCGG,GGAGAAGTCGACATGCCCGG,CCGAGGAGAAGTCGACATGCCCGGGGGAGT,EEF2,rA:dA,15,263,1680,1192
GGAGAAGTCGACACGCCCGG,GGAGAAGTCGACATGCCCGG,CCGAGGAGAAGTCGACATGCCCGGGGGAGT,EEF2,rC:dA,15,325,1986,1136
GGAGAAGTCGACAGGCCCGG,GGAGAAGTCGACATGCCCGG,CCGAGGAGAAGTCGACATGCCCGGGGGAGT,EEF2,rG:dA,15,328,2262,1920
GGAGAAGTCGACATACCCGG,GGAGAAGTCGACATGCCCGG,CCGAGGAGAAGTCGACATGCCCGGGGGAGT,EEF2,rA:dC,16,123,765,321
GGAGAAGTCGACATGACCGG,GGAGAAGTCGACATGCCCGG,CCGAGGAGAAGTCGACATGCCCGGGGGAGT,EEF2,rA:dG,17,382,2730,2016
GGAGAAGTCGACATGCACGG,GGAGAAGTCGACATGCCCGG,CCGAGGAGAAGTCGACATGCCCGGGGGAGT,EEF2,rA:dG,18,289,1136,843
GGAGAAGTCGACATGCCAGG,GGAGAAGTCGACATGCCCGG,CCGAGGAGAAGTCGACATGCCCGGGGGAGT,EEF2,rA:dG,19,236,1201,990
GGAGAAGTCGACATGCCCAG,GGAGAAGTCGACATGCCCGG,CCGAGGAGAAGTCGACATGCCCGGGGGAGT,EEF2,rA:dC,20,375,1742,1142
GGAGAAGTCGACATGCCCCG,GGAGAAGTCGACATGCCCGG,CCGAGGAGAAGTCGACATGCCCGGGGGAGT,EEF2,rC:dC,20,371,2405,2136
GGAGAAGTCGACATGCCCGA,GGAGAAGTCGACATGCCCGG,CCGAGGAGAAGTCGACATGCCCGGGGGAGT,EEF2,rA:dC,3,204,845,646
GGAGAAGTCGACATGCCCGC,GGAGAAGTCGACATGCCCGG,CCGAGGAGAAGTCGACATGCCCGGGGGAGT,EEF2,rC:dC,3,296,1417,1109
GGAGAAGTCGACATGCCCGG,GGAGAAGTCGACATGCCCGG,CCGAGGAGAAGTCGACATGCCCGGGGGAGT,EEF2,0,0,1328,1397,1486
GGAGAAGTCGACATGCCCGT,GGAGAAGTCGACATGCCCGG,CCGAGGAGAAGTCGACATGCCCGGGGGAGT,EEF2,rU:dC,3,229,1131,1250
GGAGAAGTCGACATGCCCTG,GGAGAAGTCGACATGCCCGG,CCGAGGAGAAGTCGACATGCCCGGGGGAGT,EEF2,rU:dC,20,315,1656,1387
GGAGAAGTCGACATGCCGGG,GGAGAAGTCGACATGCCCGG,CCGAGGAGAAGTCGACATGCCCGGGGGAGT,EEF2,rG:dG,19,241,1225,988
GGAGAAGTCGACATGCCTGG,GGAGAAGTCGACATGCCCGG,CCGAGGAGAAGTCGACATGCCCGGGGGAGT,EEF2,rU:dG,19,315,1255,996
GGAGAAGTCGACATGCGCGG,GGAGAAGTCGACATGCCCGG,CCGAGGAGAAGTCGACATGCCCGGGGGAGT,EEF2,rG:dG,18,277,1405,1012
GGAGAAGTCGACATGCTCGG,GGAGAAGTCGACATGCCCGG,CCGAGGAGAAGTCGACATGCCCGGGGGAGT,EEF2,rU:dG,18,449,1734,1570
GGAGAAGTCGACATGGCCGG,GGAGAAGTCGACATGCCCGG,CCGAGGAGAAGTCGACATGCCCGGGGGAGT,EEF2,rG:dG,17,295,1638,1527
GGAGAAGTCGACATGTCCGG,GGAGAAGTCGACATGCCCGG,CCGAGGAGAAGTCGACATGCCCGGGGGAGT,EEF2,rU:dG,17,226,945,937
GGAGAAGTCGACATTCCCGG,GGAGAAGTCGACATGCCCGG,CCGAGGAGAAGTCGACATGCCCGGGGGAGT,EEF2,rU:dC,16,227,1598,985
GGAGAAGTCGACCTGCCCGG,GGAGAAGTCGACATGCCCGG,CCGAGGAGAAGTCGACATGCCCGGGGGAGT,EEF2,rC:dT,14,191,322,478
GGAGAAGTCGACGTGCCCGG,GGAGAAGTCGACATGCCCGG,CCGAGGAGAAGTCGACATGCCCGGGGGAGT,EEF2,rG:dT,14,509,77,27
GGAGAAGTCGACTTGCCCGG,GGAGAAGTCGACATGCCCGG,CCGAGGAGAAGTCGACATGCCCGGGGGAGT,EEF2,rU:dT,14,378,449,428
GGAGAAGTCGAGATGCCCGG,GGAGAAGTCGACATGCCCGG,CCGAGGAGAAGTCGACATGCCCGGGGGAGT,EEF2,rG:dG,13,181,857,901
GGAGAAGTCGATATGCCCGG,GGAGAAGTCGACATGCCCGG,CCGAGGAGAAGTCGACATGCCCGGGGGAGT,EEF2,rU:dG,13,517,2660,2336
GGAGAAGTCGCCATGCCCGG,GGAGAAGTCGACATGCCCGG,CCGAGGAGAAGTCGACATGCCCGGGGGAGT,EEF2,rC:dT,12,389,1129,1052
GGAGAAGTCGGCATGCCCGG,GGAGAAGTCGACATGCCCGG,CCGAGGAGAAGTCGACATGCCCGGGGGAGT,EEF2,rG:dT,12,254,1092,1002
GGAGAAGTCGTCATGCCCGG,GGAGAAGTCGACATGCCCGG,CCGAGGAGAAGTCGACATGCCCGGGGGAGT,EEF2,rU:dT,12,245,1095,696
GGAGAAGTCTACATGCCCGG,GGAGAAGTCGACATGCCCGG,CCGAGGAGAAGTCGACATGCCCGGGGGAGT,EEF2,rU:dC,2,215,1485,1169
GGAGAAGTGGACATGCCCGG,GGAGAAGTCGACATGCCCGG,CCGAGGAGAAGTCGACATGCCCGGGGGAGT,EEF2,rG:dG,10,433,1984,1786
GGAGAAGTTGACATGCCCGG,GGAGAAGTCGACATGCCCGG,CCGAGGAGAAGTCGACATGCCCGGGGGAGT,EEF2,rU:dG,10,576,2194,1773
GGAGAATTCGACATGCCCGG,GGAGAAGTCGACATGCCCGG,CCGAGGAGAAGTCGACATGCCCGGGGGAGT,EEF2,rU:dC,8,516,2258,2021
GGAGAGGTCGACATGCCCGG,GGAGAAGTCGACATGCCCGG,CCGAGGAGAAGTCGACATGCCCGGGGGAGT,EEF2,rG:dT,7,636,932,910
GGAGATCTGCCTGAAGGACC,GGAGATCTGCCTGAAGGACC,ACCTGGAGATCTGCCTGAAGGACCTGGAGG,EEF2,0,0,171,8,13
GGAGATGTCGACATGCCCGG,GGAGAAGTCGACATGCCCGG,CCGAGGAGAAGTCGACATGCCCGGGGGAGT,EEF2,rU:dT,7,296,927,903
GGAGCAGTCGACATGCCCGG,GGAGAAGTCGACATGCCCGG,CCGAGGAGAAGTCGACATGCCCGGGGGAGT,EEF2,rC:dT,6,445,1123,1134
GGAGCCACAGGGCCACACCC,GGAGCCACAGGGCCACACCC,TGGCGGAGCCACAGGGCCACACCCAGGATC,CD81,0,0,28,28,27
GGAGCTGCAGCTGGAGCCCG,GGAGCTGCAGCTGGAGCCCG,TGCTGGAGCTGCAGCTGGAGCCCGAGGAGC,EEF2,0,0,71,2,5
GGAGGAGTCGACATGCCCGG,GGAGAAGTCGACATGCCCGG,CCGAGGAGAAGTCGACATGCCCGGGGGAGT,EEF2,rG:dT,6,128,176,194
GGAGTAGTCGACATGCCCGG,GGAGAAGTCGACATGCCCGG,CCGAGGAGAAGTCGACATGCCCGGGGGAGT,EEF2,rU:dT,6,386,1067,988
GGATAAGTCGACATGCCCGG,GGAGAAGTCGACATGCCCGG,CCGAGGAGAAGTCGACATGCCCGGGGGAGT,EEF2,rU:dC,5,538,1705,1558
GGATCACGCCTCCAGCCAGC,GGATCACGCCTCCAGCCAGC,CCCAGGATCACGCCTCCAGCCAGCTGGGAA,CD81,0,0,123,331,184
GGATGATCTGGCCCCCTCCG,GGATGATCTGGCCCCCTCCG,GTGGGGATGATCTGGCCCCCTCCGCGGTGG,EEF2,0,0,344,103,110
GGATGGCCCCGTAGCAGCCC,GGATGGCCCCGTAGCAGCCC,TCCTGGATGGCCCCGTAGCAGCCCAGGAAG,CD81,0,0,292,1089,865
GGCAAACAGGATGACCAGGC,GGCAAACAGGATGACCAGGC,CACAGGCAAACAGGATGACCAGGCAGGTGA,CD81,0,0,288,997,653
GGCAAACTGCTTCAGGGTGA,GGCAAACTGCTTCAGGGTGA,TCTCGGCAAACTGCTTCAGGGTGAAGGCCC,EEF2,0,0,349,17,30
GGCCAAGTTCGCCGCCAAGG,GGCCAAGTTCGCCGCCAAGG,ATGTGGCCAAGTTCGCCGCCAAGGGGGAGG,EEF2,0,0,180,104,58
GGCCCTACAGCAGGCCGTGG,GGCCCTACAGCAGGCCGTGG,ACCAGGCCCTACAGCAGGCCGTGGTGGATG,CD81,0,0,261,491,438
GGCCGCCCGTGTTGGACCTC,GGCCGCCCGTGTTGGACCTC,GCCTGGCCGCCCGTGTTGGACCTCAGGTCA,EEF2,0,0,247,34,23
GGCCGGCACCCCCATGTTTG,GGCCGGCACCCCCATGTTTG,AGGTGGCCGGCACCCCCATGTTTGTGGTCA,EEF2,0,0,263,107,100
GGCCGTGGAGGCCAAGAACC,GGCCGTGGAGGCCAAGAACC,GAGTGGCCGTGGAGGCCAAGAACCCGGCTG,EEF2,0,0,342,49,80
GGCCTACCGTGAAGTTCACC,GGTCTACCGTGAAGTTCACC,ATCTGGTCTACCGTGAAGTTCACCTGGGCA,EEF2,rC:dA,4,165,28,53
GGCCTGAAGGTCAGGATCAT,GGCCTGAAGGTCAGGATCAT,CACTGGCCTGAAGGTCAGGATCATGGGGCC,EEF2,0,0,327,279,134
GGCCTTGACCACAAACATGG,GGCCTTGACCACAAACATGG,GATAGGCCTTGACCACAAACATGGGGGTGC,EEF2,0,0,321,29,29
GGCGAAGTCGACATGCCCGG,GGAGAAGTCGACATGCCCGG,CCGAGGAGAAGTCGACATGCCCGGGGGAGT,EEF2,rC:dT,4,243,878,545
GGCGCTGTCATGATGTTCGT,GGCGCTGTCATGATGTTCGT,TGTGGGCGCTGTCATGATGTTCGTTGGCTT,CD81,0,0,273,1065,794
GGCGGAGACCCGCAAGCGCA,GGCGGAGACCCGCAAGCGCA,TGGTGGCGGAGACCCGCAAGCGCAAGGGCC,EEF2,0,0,279,47,9
GGCGGCTGCTGTTGTCGAAG,GGCGGCTGCTGTTGTCGAAG,CTGGGGCGGCTGCTGTTGTCGAAGGGGTCT,EEF2,0,0,127,195,187
GGCGTAGAACCGACCTTTGT,GGCGTAGAACCGACCTTTGT,CAAAGGCGTAGAACCGACCTTTGTCGGAGG,EEF2,0,0,152,67,21
GGCTGACCTGCCCAAGCTGG,GGCTGACCTGCCCAAGCTGG,ACCCGGCTGACCTGCCCAAGCTGGTGGAGG,EEF2,0,0,345,44,67
GGCTTTGGGTCTGGCCTCCA,GGCTTTGGGTCTGGCCTCCA,CGTGGGCTTTGGGTCTGGCCTCCACGGGTG,EEF2,0,0,342,897,690
GGGAACATTGTGGGCCTCGT,GGGAACATTGTGGGCCTCGT,TTGTGGGAACATTGTGGGCCTCGTGGGCGT,EEF2,0,0,190,90,31
GGGAGCTCACGTTGACTTGA,GGGAGCTCACGTTGACTTGA,CACAGGGAGCTCACGTTGACTTGATGGTGA,EEF2,0,0,228,22,22
GGGCAGGGATGCCTTCTTTC,GGGCAGGGATGCCTTCTTTC,TCCAGGGCAGGGATGCCTTCTTTCAGGCCC,EEF2,0,0,674,96,179
GGGCAGGTCAGCCGGGTTCT,GGGCAGGTCAGCCGGGTTCT,GCTTGGGCAGGTCAGCCGGGTTCTTGGCCT,EEF2,0,0,707,225,143
GGGCATCATCGCCTCGGCCC,GGGCATCATCGCCTCGGCCC,AGGCGGGCATCATCGCCTCGGCCCGGGCCG,EEF2,0,0,379,95,78
GGGCCGCCTACAATTTGTCC,GGGCCGCCTACAATTTGTCC,GGAAGGGCCGCCTACAATTTGTCCAGGAAG,EEF2,0,0,240,139,123
GGGCCGTCACAGGGGAGGGC,GGGCCGTCACAGGGGAGGGC,TTCTGGGCCGTCACAGGGGAGGGCAGGTGG,EEF2,0,0,409,75,82
GGGCGATGACAGACATGTTG,GGGCGATGACAGACATGTTG,ACGTGGGCGATGACAGACATGTTGCGGATG,EEF2,0,0,157,9,4
GGGCGGCTGCTGTTGTCGAA,GGGCGGCTGCTGTTGTCGAA,GCTGGGGCGGCTGCTGTTGTCGAAGGGGTC,EEF2,0,0,320,123,105
GGGCTACCGTGAAGTTCACC,GGTCTACCGTGAAGTTCACC,ATCTGGTCTACCGTGAAGTTCACCTGGGCA,EEF2,rG:dA,4,621,279,194
GGGCTCCATGAGGCGTGGCT,GGGCTCCATGAGGCGTGGCT,AGATGGGCTCCATGAGGCGTGGCTGGGCGG,EEF2,0,0,397,89,59
GGGCTGCTACGGGGCCATCC,GGGCTGCTACGGGGCCATCC,TCCTGGGCTGCTACGGGGCCATCCAGGAAT,CD81,0,0,398,1559,1153
GGGCTTTGTCAACAAGGACC,GGGCTTTGTCAACAAGGACC,TCTGGGGCTTTGTCAACAAGGACCAGGTGA,CD81,0,0,310,800,636
GGGGAAGTCGACATGCCCGG,GGAGAAGTCGACATGCCCGG,CCGAGGAGAAGTCGACATGCCCGGGGGAGT,EEF2,rG:dT,4,292,661,684
GGGGCGGCTGCTGTTGTCGA,GGGGCGGCTGCTGTTGTCGA,GGCTGGGGCGGCTGCTGTTGTCGAAGGGGT,EEF2,0,0,424,166,117
GGGTGAAGGCCCACCCGTGG,GGGTGAAGGCCCACCCGTGG,TTCAGGGTGAAGGCCCACCCGTGGAGGCCA,EEF2,0,0,303,65,13
GGTACAGCTTCCCGGAGAAG,GGTACAGCTTCCCGGAGAAG,ATGAGGTACAGCTTCCCGGAGAAGAGGTCA,CD81,0,0,197,739,430
GGTACCGTGGGCTTTGGGTC,GGTACCGTGGGCTTTGGGTC,CCTCGGTACCGTGGGCTTTGGGTCTGGCCT,EEF2,0,0,312,84,61
GGTACTTCTGGGCCGTCACA,GGTACTTCTGGGCCGTCACA,CAGCGGTACTTCTGGGCCGTCACAGGGGAG,EEF2,0,0,304,16,4
GGTATACCGTGAAGTTCACC,GGTCTACCGTGAAGTTCACC,ATCTGGTCTACCGTGAAGTTCACCTGGGCA,EEF2,rA:dG,5,376,511,855
GGTCAAAGCAGTCAGTGTGC,GGTCAAAGCAGTCAGTGTGC,AGGTGGTCAAAGCAGTCAGTGTGCTGGAGC,CD81,0,0,277,1015,590
GGTCAACCGTGAAGTTCACC,GGTCTACCGTGAAGTTCACC,ATCTGGTCTACCGTGAAGTTCACCTGGGCA,EEF2,rA:dA,6,212,812,798
GGTCAGCCACCAGCCCCGAA,AGTCAGCCACCAGCCCCGAA,AGCAAGTCAGCCACCAGCCCCGAAGGGAAG,EEF2,rG:dT,2,299,64,70
GGTCATCCTGTTTGCCTGTG,GGTCATCCTGTTTGCCTGTG,GCCTGGTCATCCTGTTTGCCTGTGAGGTGG,CD81,0,0,590,3011,2152
GGTCCACCGTGAAGTTCACC,GGTCTACCGTGAAGTTCACC,ATCTGGTCTACCGTGAAGTTCACCTGGGCA,EEF2,rC:dA,6,283,149,113
GGTCCTCCTCCAGGTCCTTC,GGTCCTCCTCCAGGTCCTTC,GCGTGGTCCTCCTCCAGGTCCTTCAGGCAG,EEF2,0,0,1006,115,28
GGTCCTTCAGGCAGATCTCC,GGTCCTTCAGGCAGATCTCC,TCCAGGTCCTTCAGGCAGATCTCCAGGTGC,EEF2,0,0,473,34,48
GGTCGACCGTGAAGTTCACC,GGTCTACCGTGAAGTTCACC,ATCTGGTCTACCGTGAAGTTCACCTGGGCA,EEF2,rG:dA,6,686,1760,1958
GGTCTAACGTGAAGTTCACC,GGTCTACCGTGAAGTTCACC,ATCTGGTCTACCGTGAAGTTCACCTGGGCA,EEF2,rA:dG,8,537,482,503
GGTCTACAGTGAAGTTCACC,GGTCTACCGTGAAGTTCACC,ATCTGGTCTACCGTGAAGTTCACCTGGGCA,EEF2,rA:dG,9,604,228,175
GGTCTACCATGAAGTTCACC,GGTCTACCGTGAAGTTCACC,ATCTGGTCTACCGTGAAGTTCACCTGGGCA,EEF2,rA:dC,10,1064,574,464
GGTCTACCCTGAAGTTCACC,GGTCTACCGTGAAGTTCACC,ATCTGGTCTACCGTGAAGTTCACCTGGGCA,EEF2,rC:dC,10,492,896,731
GGTCTACCGAGAAGTTCACC,GGTCTACCGTGAAGTTCACC,ATCTGGTCTACCGTGAAGTTCACCTGGGCA,EEF2,rA:dA,2,892,606,745
GGTCTACCGCGAAGTTCACC,GGTCTACCGTGAAGTTCACC,ATCTGGTCTACCGTGAAGTTCACCTGGGCA,EEF2,rC:dA,2,1137,1971,1880
GGTCTACCGGGAAGTTCACC,GGTCTACCGTGAAGTTCACC,ATCTGGTCTACCGTGAAGTTCACCTGGGCA,EEF2,rG:dA,2,325,82,77
GGTCTACCGTAAAGTTCACC,GGTCTACCGTGAAGTTCACC,ATCTGGTCTACCGTGAAGTTCACCTGGGCA,EEF2,rA:dC,12,404,1268,844
GGTCTACCGTCAAGTTCACC,GGTCTACCGTGAAGTTCACC,ATCTGGTCTACCGTGAAGTTCACCTGGGCA,EEF2,rC:dC,12,931,3612,2855
GGTCTACCGTGAAATTCACC,GGTCTACCGTGAAGTTCACC,ATCTGGTCTACCGTGAAGTTCACCTGGGCA,EEF2,rA:dC,15,417,1385,865
GGTCTACCGTGAACTTCACC,GGTCTACCGTGAAGTTCACC,ATCTGGTCTACCGTGAAGTTCACCTGGGCA,EEF2,rC:dC,15,393,1176,695
GGTCTACCGTGAAGATCACC,GGTCTACCGTGAAGTTCACC,ATCTGGTCTACCGTGAAGTTCACCTGGGCA,EEF2,rA:dA,16,705,2203,1652
GGTCTACCGTGAAGCTCACC,GGTCTACCGTGAAGTTCACC,ATCTGGTCTACCGTGAAGTTCACCTGGGCA,EEF2,rC:dA,16,359,1535,1235
GGTCTACCGTGAAGGTCACC,GGTCTACCGTGAAGTTCACC,ATCTGGTCTACCGTGAAGTTCACCTGGGCA,EEF2,rG:dA,16,1444,6134,5037
GGTCTACCGTGAAGTACACC,GGTCTACCGTGAAGTTCACC,ATCTGGTCTACCGTGAAGTTCACCTGGGCA,EEF2,rA:dA,17,676,2729,1651
GGTCTACCGTGAAGTCCACC,GGTCTACCGTGAAGTTCACC,ATCTGGTCTACCGTGAAGTTCACCTGGGCA,EEF2,rC:dA,17,367,1747,1506
GGTCTACCGTGAAGTGCACC,GGTCTACCGTGAAGTTCACC,ATCTGGTCTACCGTGAAGTTCACCTGGGCA,EEF2,rG:dA,17,1021,5238,4094
GGTCTACCGTGAAGTTAACC,GGTCTACCGTGAAGTTCACC,ATCTGGTCTACCGTGAAGTTCACCTGGGCA,EEF2,rA:dG,18,260,1271,755
GGTCTACCGTGAAGTTCAAC,GGTCTACCGTGAAGTTCACC,ATCTGGTCTACCGTGAAGTTCACCTGGGCA,EEF2,rA:dG,20,342,983,633
GGTCTACCGTGAAGTTCACA,GGTCTACCGTGAAGTTCACC,ATCTGGTCTACCGTGAAGTTCACCTGGGCA,EEF2,rA:dG,3,216,938,550
GGTCTACCGTGAAGTTCACC,GGTCTACCGTGAAGTTCACC,ATCTGGTCTACCGTGAAGTTCACCTGGGCA,EEF2,0,0,963,254,334
GGTCTACCGTGAAGTTCACG,GGTCTACCGTGAAGTTCACC,ATCTGGTCTACCGTGAAGTTCACCTGGGCA,EEF2,rG:dG,3,484,1922,1953
GGTCTACCGTGAAGTTCACT,GGTCTACCGTGAAGTTCACC,ATCTGGTCTACCGTGAAGTTCACCTGGGCA,EEF2,rU:dG,3,424,847,614
GGTCTACCGTGAAGTTCAGC,GGTCTACCGTGAAGTTCACC,ATCTGGTCTACCGTGAAGTTCACCTGGGCA,EEF2,rG:dG,20,146,443,308
GGTCTACCGTGAAGTTCATC,GGTCTACCGTGAAGTTCACC,ATCTGGTCTACCGTGAAGTTCACCTGGGCA,EEF2,rU:dG,20,136,616,564
GGTCTACCGTGAAGTTCCCC,GGTCTACCGTGAAGTTCACC,ATCTGGTCTACCGTGAAGTTCACCTGGGCA,EEF2,rC:dT,19,319,553,591
GGTCTACCGTGAAGTTCGCC,GGTCTACCGTGAAGTTCACC,ATCTGGTCTACCGTGAAGTTCACCTGGGCA,EEF2,rG:dT,19,496,944,1098
GGTCTACCGTGAAGTTCTCC,GGTCTACCGTGAAGTTCACC,ATCTGGTCTACCGTGAAGTTCACCTGGGCA,EEF2,rU:dT,19,706,3097,2946
GGTCTACCGTGAAGTTGACC,GGTCTACCGTGAAGTTCACC,ATCTGGTCTACCGTGAAGTTCACCTGGGCA,EEF2,rG:dG,18,472,2250,1547
GGTCTACCGTGAATTTCACC,GGTCTACCGTGAAGTTCACC,ATCTGGTCTACCGTGAAGTTCACCTGGGCA,EEF2,rU:dC,15,421,1449,906
GGTCTACCGTGACGTTCACC,GGTCTACCGTGAAGTTCACC,ATCTGGTCTACCGTGAAGTTCACCTGGGCA,EEF2,rC:dT,14,1292,4076,3587
GGTCTACCGTGAGGTTCACC,GGTCTACCGTGAAGTTCACC,ATCTGGTCTACCGTGAAGTTCACCTGGGCA,EEF2,rG:dT,14,644,392,280
GGTCTACCGTGATGTTCACC,GGTCTACCGTGAAGTTCACC,ATCTGGTCTACCGTGAAGTTCACCTGGGCA,EEF2,rU:dT,14,394,1096,888
GGTCTACCGTGCAGTTCACC,GGTCTACCGTGAAGTTCACC,ATCTGGTCTACCGTGAAGTTCACCTGGGCA,EEF2,rC:dT,13,590,834,1017
GGTCTACCGTGGAGTTCACC,GGTCTACCGTGAAGTTCACC,ATCTGGTCTACCGTGAAGTTCACCTGGGCA,EEF2,rG:dT,13,691,205,209
GGTCTACCGTGTAGTTCACC,GGTCTACCGTGAAGTTCACC,ATCTGGTCTACCGTGAAGTTCACCTGGGCA,EEF2,rU:dT,13,337,778,847
GGTCTACCGTTAAGTTCACC,GGTCTACCGTGAAGTTCACC,ATCTGGTCTACCGTGAAGTTCACCTGGGCA,EEF2,rU:dC,12,508,2449,1476
GGTCTACCTTGAAGTTCACC,GGTCTACCGTGAAGTTCACC,ATCTGGTCTACCGTGAAGTTCACCTGGGCA,EEF2,rU:dC,10,856,494,735
GGTCTACGGTGAAGTTCACC,GGTCTACCGTGAAGTTCACC,ATCTGGTCTACCGTGAAGTTCACCTGGGCA,EEF2,rG:dG,9,426,97,89
GGTCTACTGTGAAGTTCACC,GGTCTACCGTGAAGTTCACC,ATCTGGTCTACCGTGAAGTTCACCTGGGCA,EEF2,rU:dG,9,493,98,109
GGTCTAGCGTGAAGTTCACC,GGTCTACCGTGAAGTTCACC,ATCTGGTCTACCGTGAAGTTCACCTGGGCA,EEF2,rG:dG,8,750,161,329
GGTCTATCGTGAAGTTCACC,GGTCTACCGTGAAGTTCACC,ATCTGGTCTACCGTGAAGTTCACCTGGGCA,EEF2,rU:dG,8,732,192,191
GGTCTCCCGTGAAGTTCACC,GGTCTACCGTGAAGTTCACC,ATCTGGTCTACCGTGAAGTTCACCTGGGCA,EEF2,rC:dT,7,433,118,128
GGTCTCCGCCACCACCTGGC,GGTCTCCGCCACCACCTGGC,TGCGGGTCTCCGCCACCACCTGGCTGGGGC,EEF2,0,0,309,277,173
GGTCTGCCGTGAAGTTCACC,GGTCTACCGTGAAGTTCACC,ATCTGGTCTACCGTGAAGTTCACCTGGGCA,EEF2,rG:dT,7,445,93,54
GGTCTTCCGTGAAGTTCACC,GGTCTACCGTGAAGTTCACC,ATCTGGTCTACCGTGAAGTTCACCTGGGCA,EEF2,rU:dT,7,235,67,69
GGTGAAGACCTTCCACGAGA,GGTGAAGACCTTCCACGAGA,CTGTGGTGAAGACCTTCCACGAGACGGTGC,CD81,0,0,163,160,189
GGTGAAGTCGACATGCCCGG,GGAGAAGTCGACATGCCCGG,CCGAGGAGAAGTCGACATGCCCGGGGGAGT,EEF2,rU:dT,4,299,631,794
GGTGATGTCGGTGAGGATGT,GGTGATGTCGGTGAGGATGT,CCTTGGTGATGTCGGTGAGGATGTTGGGGC,EEF2,0,0,326,0,30
GGTGCAGCCCTCCACTCCCA,GGTGCAGCCCTCCACTCCCA,ACTTGGTGCAGCCCTCCACTCCCATGGCGG,CD81,0,0,401,988,699
GGTGCAGCTCCAGCAGGGCG,GCTGCAGCTCCAGCAGGGCG,TCCAGCTGCAGCTCCAGCAGGGCGCGGTCC,EEF2,rG:dG,3,291,43,22
GGTGGAGGGGCTGAAGCGGC,GGTGGAGGGGCTGAAGCGGC,AGCTGGTGGAGGGGCTGAAGCGGCTGGCCA,EEF2,0,0,328,51,75
GGTGGATGGCGTCGGCGTGC,GGTGGATGGCGTCGGCGTGC,CCGCGGTGGATGGCGTCGGCGTGCAGGGTG,EEF2,0,0,297,56,23
GGTGGTCGGTGGCATCTACG,GGTGGTCGGTGGCATCTACG,AGCAGGTGGTCGGTGGCATCTACGGGGTTT,EEF2,0,0,202,46,24
GGTGTACCGTGAAGTTCACC,GGTCTACCGTGAAGTTCACC,ATCTGGTCTACCGTGAAGTTCACCTGGGCA,EEF2,rG:dG,5,448,397,437
GGTTGGTGGTCTGCGGGTCA,GGTTGGTGGTCTGCGGGTCA,AGGAGGTTGGTGGTCTGCGGGTCATGGCGG,CD81,0,0,763,2761,2313
GGTTTACCGTGAAGTTCACC,GGTCTACCGTGAAGTTCACC,ATCTGGTCTACCGTGAAGTTCACCTGGGCA,EEF2,rU:dG,5,427,168,234
GTACAGCCGGTTGTGCTTGT,GTACAGCCGGTTGTGCTTGT,TCATGTACAGCCGGTTGTGCTTGTTGGGGG,EEF2,0,0,273,95,46
GTACATCATAAGAGGGCCTT,ATACATCATAAGAGGGCCTT,AAATATACATCATAAGAGGGCCTTTGGGGT,EEF2,rG:dT,2,1198,553,336
GTACCATGATGTTGCCCATG,GTACCATGATGTTGCCCATG,GGCCGTACCATGATGTTGCCCATGGGGCCG,EEF2,0,0,216,213,181
GTACGAGTGGGACGTGGCTG,GTACGAGTGGGACGTGGCTG,AGAAGTACGAGTGGGACGTGGCTGAGGCCC,EEF2,0,0,266,200,211
GTAGAACCGACCTTTGTCGG,GTAGAACCGACCTTTGTCGG,AGGCGTAGAACCGACCTTTGTCGGAGGTTG,EEF2,0,0,121,75,13
GTAGAAGTCGACATGCCCGG,GGAGAAGTCGACATGCCCGG,CCGAGGAGAAGTCGACATGCCCGGGGGAGT,EEF2,rU:dC,3,391,482,325
GTCATCGCCCACGTGGACCA,GTCATCGCCCACGTGGACCA,GTCTGTCATCGCCCACGTGGACCATGGCAA,EEF2,0,0,571,43,23
GTCCACGCTGACAGACTCCC,GTCCACGCTGACAGACTCCC,GCAAGTCCACGCTGACAGACTCCCTGGTGT,EEF2,0,0,179,11,15
GTCCAGGATCAGCTGGCAGA,GTCCAGGATCAGCTGGCAGA,TGGGGTCCAGGATCAGCTGGCAGAAGGTGC,EEF2,0,0,279,20,23
GTCCGACCCCATGGTGCAGG,GTCCGACCCCATGGTGCAGG,CCAAGTCCGACCCCATGGTGCAGGTGGGCA,EEF2,0,0,209,65,59
GTCCTCGGTACCGTGGGCTT,GTCCTCGGTACCGTGGGCTT,TCCTGTCCTCGGTACCGTGGGCTTTGGGTC,EEF2,0,0,134,40,20
GTCGGAGGTTGGCACCATTT,GTCGGAGGTTGGCACCATTT,CTTTGTCGGAGGTTGGCACCATTTTGGAAA,EEF2,0,0,385,7,12
GTCGGGAGAGCATATCATCG,GTCGGGAGAGCATATCATCG,AGGAGTCGGGAGAGCATATCATCGCGGGCG,EEF2,0,0,403,297,44
GTCGGTGAGGATGTTGGGGC,GTCGGTGAGGATGTTGGGGC,TGATGTCGGTGAGGATGTTGGGGCCGGTGC,EEF2,0,0,564,136,77
GTCTCCGCCACCACCTGGCT,GTCTCCGCCACCACCTGGCT,GCGGGTCTCCGCCACCACCTGGCTGGGGCG,EEF2,0,0,284,61,20
GTGAGGTGGCCGCCGGCATC,GTGAGGTGGCCGCCGGCATC,GCCTGTGAGGTGGCCGCCGGCATCTGGGGC,CD81,0,0,137,439,360
GTGATGTCGGTGAGGATGTT,GTGATGTCGGTGAGGATGTT,CTTGGTGATGTCGGTGAGGATGTTGGGGCC,EEF2,0,0,133,2,0
GTGCCTTGTGGGAACATTGT,GTGCCTTGTGGGAACATTGT,GGATGTGCCTTGTGGGAACATTGTGGGCCT,EEF2,0,0,204,91,73
GTGGATGGCGTCGGCGTGCA,GTGGATGGCGTCGGCGTGCA,CGCGGTGGATGGCGTCGGCGTGCAGGGTGA,EEF2,0,0,367,38,48
GTGGCAGCTTCTTCCCTTCG,GTGGCAGCTTCTTCCCTTCG,GTGCGTGGCAGCTTCTTCCCTTCGGGGCTG,EEF2,0,0,476,81,76
GTGGCCAAGTTCGCCGCCAA,GTGGCCAAGTTCGCCGCCAA,GTATGTGGCCAAGTTCGCCGCCAAGGGGGA,EEF2,0,0,167,682,443
GTGGTGGTGGACTGCGTGTC,GTGGTGGTGGACTGCGTGTC,ATTGGTGGTGGTGGACTGCGTGTCAGGTAA,EEF2,0,0,261,113,117
GTGTGGTGGCCGGCTTCCAG,GTGTGGTGGCCGGCTTCCAG,GACAGTGTGGTGGCCGGCTTCCAGTGGGCC,EEF2,0,0,415,93,36
GTTCTACCGTGAAGTTCACC,GGTCTACCGTGAAGTTCACC,ATCTGGTCTACCGTGAAGTTCACCTGGGCA,EEF2,rU:dC,3,225,36,4
GTTGACAAAGCCCCAGATGC,GTTGACAAAGCCCCAGATGC,CCTTGTTGACAAAGCCCCAGATGCCGGCGG,CD81,0,0,453,941,720
GTTGAGGTACTGCACACCCT,GTTGAGGTACTGCACACCCT,TCTCGTTGAGGTACTGCACACCCTTGGTGA,EEF2,0,0,329,26,3
GTTGCAGCTCCAGCAGGGCG,GCTGCAGCTCCAGCAGGGCG,TCCAGCTGCAGCTCCAGCAGGGCGCGGTCC,EEF2,rU:dG,3,246,35,12
GTTGGCCTTCTTGTCCATGA,GTTGGCCTTCTTGTCCATGA,GGATGTTGGCCTTCTTGTCCATGATGGCGC,EEF2,0,0,288,3,2
GTTGGCGTCATCATCCACCA,GTTGGCGTCATCATCCACCA,CGTTGTTGGCGTCATCATCCACCACGGCCT,CD81,0,0,262,1253,909
GTTGGCTGGGTCAAAGTACC,GTTGGCTGGGTCAAAGTACC,TGCCGTTGGCTGGGTCAAAGTACCTGGCAA,EEF2,0,0,187,5,10
GTTGGCTTCCTGGGCTGCTA,GTTGGCTTCCTGGGCTGCTA,GTTCGTTGGCTTCCTGGGCTGCTACGGGGC,CD81,0,0,372,908,658
GTTGTGCGCGTGCTCGAAGG,GTTGTGCGCGTGCTCGAAGG,GCATGTTGTGCGCGTGCTCGAAGGTGGTGA,EEF2,0,0,314,12,6
GTTGTGCTTGTTGGGGGACT,GTTGTGCTTGTTGGGGGACT,GCCGGTTGTGCTTGTTGGGGGACTTGGAGA,EEF2,0,0,755,42,31
TACAGCCGGTTGTGCTTGTT,TACAGCCGGTTGTGCTTGTT,CATGTACAGCCGGTTGTGCTTGTTGGGGGA,EEF2,0,0,267,58,80
TACAGGAGGTTGGTGGTCTG,TACAGGAGGTTGGTGGTCTG,CAGATACAGGAGGTTGGTGGTCTGCGGGTC,CD81,0,0,288,1372,1014
TACATAGAAGGTGTTGGGCG,TACATAGAAGGTGTTGGGCG,CACCTACATAGAAGGTGTTGGGCGCGGGCT,CD81,0,0,253,766,821
TACATCATAAGAGGGCCTTT,TACATCATAAGAGGGCCTTT,AATATACATCATAAGAGGGCCTTTGGGGTC,EEF2,0,0,295,23,15
TACCGAGGACAGGATCGATC,TACCGAGGACAGGATCGATC,ACGGTACCGAGGACAGGATCGATCTGGAAG,EEF2,0,0,847,41,36
TACCGTCCCCAGCAGGCACT,TACCGTCCCCAGCAGGCACT,GCCTTACCGTCCCCAGCAGGCACTGGGATT,CD81,0,0,48,233,173
TAGAGGCAGCGCCGTGCTGT,TAGAGGCAGCGCCGTGCTGT,GGCATAGAGGCAGCGCCGTGCTGTGGGGAT,EEF2,0,0,411,78,82
TAGAGGTCCTCCTTCTTCCC,TAGAGGTCCTCCTTCTTCCC,CAGGTAGAGGTCCTCCTTCTTCCCAGGGGT,EEF2,0,0,790,108,134
TAGATGGGCTCCATGAGGCG,TAGATGGGCTCCATGAGGCG,AAGGTAGATGGGCTCCATGAGGCGTGGCTG,EEF2,0,0,343,92,38
TAGGCCTTGACCACAAACAT,TAGGCCTTGACCACAAACAT,CAGATAGGCCTTGACCACAAACATGGGGGT,EEF2,0,0,153,85,53
TATCATCTCCACCTACGGCG,CATCATCTCCACCTACGGCG,ACGTCATCATCTCCACCTACGGCGAGGGCG,EEF2,rU:dG,2,576,103,204
TATGATGTATATTTCCAAAA,TATGATGTATATTTCCAAAA,CTCTTATGATGTATATTTCCAAAATGGTGC,EEF2,0,0,236,61,3
TCAACCTCATTGACTCCCCC,TCAACCTCATTGACTCCCCC,CTCATCAACCTCATTGACTCCCCCGGGCAT,EEF2,0,0,405,17,1
TCACCTACATAGAAGGTGTT,TCACCTACATAGAAGGTGTT,GCACTCACCTACATAGAAGGTGTTGGGCGC,CD81,0,0,186,930,765
TCACCTCCTTGGTGGCCCAC,TCACCTCCTTGGTGGCCCAC,TGCCTCACCTCCTTGGTGGCCCACTGGAAG,EEF2,0,0,482,81,34
TCACCTTGAAGATGGGGTCC,TCACCTTGAAGATGGGGTCC,TCACTCACCTTGAAGATGGGGTCCAGGATC,EEF2,0,0,207,8,12
TCACGTTCTCCACGATGCGC,TCACGTTCTCCACGATGCGC,ACGTTCACGTTCTCCACGATGCGCTGGAAA,EEF2,0,0,578,68,57
TCACTGGCGCCTCACCTTGA,TCACTGGCGCCTCACCTTGA,CTGGTCACTGGCGCCTCACCTTGATGGGGA,EEF2,0,0,256,41,88
TCAGGGTGAAGGCCCACCCG,TCAGGGTGAAGGCCCACCCG,TGCTTCAGGGTGAAGGCCCACCCGTGGAGG,EEF2,0,0,733,2440,1683
TCAGTGCATCATCGAGGAGT,TCAGTGCATCATCGAGGAGT,CCTTTCAGTGCATCATCGAGGAGTCGGGAG,EEF2,0,0,292,30,16
TCATCGCCTCGGCCCGGGCC,TCATCGCCTCGGCCCGGGCC,GGCATCATCGCCTCGGCCCGGGCCGGGGAG,EEF2,0,0,180,62,10
TCCACGGCCACTCTGACAAC,TCCACGGCCACTCTGACAAC,GGCCTCCACGGCCACTCTGACAACAGGGCT,EEF2,0,0,273,11,35
TCCAGAACAATCTTGATGAT,TCCAGAACAATCTTGATGAT,TTCTTCCAGAACAATCTTGATGATGGGCCG,EEF2,0,0,541,74,59
TCCAGGAAGTTGTCCAGGGC,TCCAGGAAGTTGTCCAGGGC,TTTGTCCAGGAAGTTGTCCAGGGCAGGGAT,EEF2,0,0,302,580,410
TCCGACCCCATGGTGCAGGT,TCCGACCCCATGGTGCAGGT,CAAGTCCGACCCCATGGTGCAGGTGGGCAC,EEF2,0,0,366,27,16
TCCGGGAAGCTGTACCTCAT,TCCGGGAAGCTGTACCTCAT,CTTCTCCGGGAAGCTGTACCTCATCGGCAT,CD81,0,0,126,394,480
TCCGTCTGCACGCACACGCC,TCCGTCTGCACGCACACGCC,TGTCTCCGTCTGCACGCACACGCCTGGGGA,EEF2,0,0,140,10,26
TCCGTGCCCACCTGCACCAT,TCCGTGCCCACCTGCACCAT,GCACTCCGTGCCCACCTGCACCATGGGGTC,EEF2,0,0,180,13,7
TCCTCGGTACCGTGGGCTTT,TCCTCGGTACCGTGGGCTTT,CCTGTCCTCGGTACCGTGGGCTTTGGGTCT,EEF2,0,0,564,229,96
TCGAGCACGCGCACAACATG,TCGAGCACGCGCACAACATG,ACCTTCGAGCACGCGCACAACATGCGGGTG,EEF2,0,0,620,128,101
TCGGCCAGGCCGTCGGGGAA,TCGGCCAGGCCGTCGGGGAA,GTCCTCGGCCAGGCCGTCGGGGAAGGGCCG,EEF2,0,0,431,64,58
TCGGGAGAGCATATCATCGC,TCGGGAGAGCATATCATCGC,GGAGTCGGGAGAGCATATCATCGCGGGCGC,EEF2,0,0,157,25,16
TCGTCTTCAATTTCGTCTTC,TCGTCTTCAATTTCGTCTTC,CTCTTCGTCTTCAATTTCGTCTTCTGGGTA,CD81,0,0,933,4017,3363
TCTCTGCAGCTTGACTGCTG,TCTCTGCAGCTTGACTGCTG,CTGCTCTCTGCAGCTTGACTGCTGTGGCTC,CD81,0,0,93,353,251
TCTGCAGCTCCAGCAGGGCG,GCTGCAGCTCCAGCAGGGCG,TCCAGCTGCAGCTCCAGCAGGGCGCGGTCC,EEF2,rU:dC,2,607,57,41
TCTGGATTGGCTTCAGGTAG,TCTGGATTGGCTTCAGGTAG,CACCTCTGGATTGGCTTCAGGTAGAGGTCC,EEF2,0,0,463,222,264
TCTTGATGGGGATGCAGGCG,CCTTGATGGGGATGCAGGCG,CTCACCTTGATGGGGATGCAGGCGTGGTCC,EEF2,rU:dG,2,249,31,25
TCTTGCCCAGGTGAACTTCA,TCTTGCCCAGGTGAACTTCA,CTTGTCTTGCCCAGGTGAACTTCACGGTAG,EEF2,0,0,214,26,26
TGAAGAAGCTGTGGGGTGAC,TGAAGAAGCTGTGGGGTGAC,ATGATGAAGAAGCTGTGGGGTGACAGGTGA,EEF2,0,0,1072,395,285
TGAAGCGTGTCTCCCCGGCC,TGAAGCGTGTCTCCCCGGCC,TCAGTGAAGCGTGTCTCCCCGGCCCGGGCC,EEF2,0,0,1112,394,201
TGACAGCGCCCACAGCGATG,TGACAGCGCCCACAGCGATG,ATCATGACAGCGCCCACAGCGATGAGGATG,CD81,0,0,362,1040,934
TGACCAGGCAGGTGAAGAAC,TGACCAGGCAGGTGAAGAAC,AGGATGACCAGGCAGGTGAAGAACTGGAGC,CD81,0,0,131,325,292
TGACCTGCCCAAGCTGGTGG,TGACCTGCCCAAGCTGGTGG,CGGCTGACCTGCCCAAGCTGGTGGAGGGGC,EEF2,0,0,279,34,70
TGACTTGCTGAACTTGCCGT,TGACTTGCTGAACTTGCCGT,TGGCTGACTTGCTGAACTTGCCGTTGGCTG,EEF2,0,0,270,51,44
TGAGAAGTCGACATGCCCGG,GGAGAAGTCGACATGCCCGG,CCGAGGAGAAGTCGACATGCCCGGGGGAGT,EEF2,rU:dC,2,317,330,387
TGAGCCGTGCCTCACCTCCT,TGAGCCGTGCCTCACCTCCT,ATGCTGAGCCGTGCCTCACCTCCTTGGTGG,EEF2,0,0,262,11,16
TGAGGTGGCCGCCGGCATCT,TGAGGTGGCCGCCGGCATCT,CCTGTGAGGTGGCCGCCGGCATCTGGGGCT,CD81,0,0,479,1626,1052
TGATACCCGGAAGGACGAGC,TGATACCCGGAAGGACGAGC,TCACTGATACCCGGAAGGACGAGCAGGAGC,EEF2,0,0,231,5,3
TGATCCTGGGTGTGGCCCTG,TGATCCTGGGTGTGGCCCTG,GGCGTGATCCTGGGTGTGGCCCTGTGGCTC,CD81,0,0,844,1576,1504
TGATCTGGCCCCCTCCGCGG,TGATCTGGCCCCCTCCGCGG,GGGATGATCTGGCCCCCTCCGCGGTGGATG,EEF2,0,0,161,1,21
TGATGACGCCAACAACGCCA,TGATGACGCCAACAACGCCA,TGGATGATGACGCCAACAACGCCAAGGCTG,CD81,0,0,240,450,433
TGATGCCCGCCTTGCACACC,TGATGCCCGCCTTGCACACC,GCGATGATGCCCGCCTTGCACACCAGGGAG,EEF2,0,0,479,74,89
TGATGGTGCCCGTCTTCACC,TGATGGTGCCCGTCTTCACC,GTGGTGATGGTGCCCGTCTTCACCAGGAAC,EEF2,0,0,454,30,122
TGATGTCGGTGAGGATGTTG,TGATGTCGGTGAGGATGTTG,TTGGTGATGTCGGTGAGGATGTTGGGGCCG,EEF2,0,0,270,55,12
TGCAGACGGAGACAGTGCTG,TGCAGACGGAGACAGTGCTG,TGCGTGCAGACGGAGACAGTGCTGCGGCAG,EEF2,0,0,188,17,4
TGCAGGCGTGGTCCTCCTCC,TGCAGGCGTGGTCCTCCTCC,GGGATGCAGGCGTGGTCCTCCTCCAGGTCC,EEF2,0,0,623,75,117
TGCCAACCTCCGACAAAGGT,TGCCAACCTCCGACAAAGGT,ATGGTGCCAACCTCCGACAAAGGTCGGTTC,EEF2,0,0,753,114,135
TGCCCGTCTTCACCAGGAAC,TGCCCGTCTTCACCAGGAAC,ATGGTGCCCGTCTTCACCAGGAACTGGTCC,EEF2,0,0,518,200,151
TGCGCCATCGGTGACTCGGA,TGCGCCATCGGTGACTCGGA,CCAATGCGCCATCGGTGACTCGGAGGGCAG,EEF2,0,0,73,0,2
TGCTGAACTTGCCGTTGGCT,TGCTGAACTTGCCGTTGGCT,GACTTGCTGAACTTGCCGTTGGCTGGGTCA,EEF2,0,0,379,1144,873
TGGAAATATACATCATAAGA,TGGAAATATACATCATAAGA,ATTTTGGAAATATACATCATAAGAGGGCCT,EEF2,0,0,318,9,20
TGGACGAGTCTTCTCGGGGC,TGGACGAGTCTTCTCGGGGC,CCTTTGGACGAGTCTTCTCGGGGCTGGTCT,EEF2,0,0,561,55,56
TGGACTTGCCATGGTCCACG,TGGACTTGCCATGGTCCACG,AGCGTGGACTTGCCATGGTCCACGTGGGCG,EEF2,0,0,88,398,419
TGGAGGCGTGATCCTGGGTG,TGGAGGCGTGATCCTGGGTG,TGGCTGGAGGCGTGATCCTGGGTGTGGCCC,CD81,0,0,535,3240,2773
TGGATCTCCACAAGGTAGAT,TGGATCTCCACAAGGTAGAT,CACCTGGATCTCCACAAGGTAGATGGGCTC,EEF2,0,0,228,16,19
TGGCCAAGTTCGCCGCCAAG,TGGCCAAGTTCGCCGCCAAG,TATGTGGCCAAGTTCGCCGCCAAGGGGGAG,EEF2,0,0,279,152,141
TGGCCTGAAGGTCAGGATCA,TGGCCTGAAGGTCAGGATCA,CCACTGGCCTGAAGGTCAGGATCATGGGGC,EEF2,0,0,30,9,1
TGGCTGAGGCCCGCAAGATC,TGGCTGAGGCCCGCAAGATC,GACGTGGCTGAGGCCCGCAAGATCTGGTGC,EEF2,0,0,220,265,227
TGGCTTCCTGGGCTGCTACG,TGGCTTCCTGGGCTGCTACG,TCGTTGGCTTCCTGGGCTGCTACGGGGCCA,CD81,0,0,202,1121,946
TGGGAACATTGTGGGCCTCG,TGGGAACATTGTGGGCCTCG,CTTGTGGGAACATTGTGGGCCTCGTGGGCG,EEF2,0,0,243,574,447
TGGGCTCCATGAGGCGTGGC,TGGGCTCCATGAGGCGTGGC,TAGATGGGCTCCATGAGGCGTGGCTGGGCG,EEF2,0,0,323,226,191
TGGGGCCCAACTATACCCCT,TGGGGCCCAACTATACCCCT,ATCATGGGGCCCAACTATACCCCTGGGAAG,EEF2,0,0,473,42,110
TGGGTCTGGCCTCCACGGGT,TGGGTCTGGCCTCCACGGGT,GCTTTGGGTCTGGCCTCCACGGGTGGGCCT,EEF2,0,0,123,82,31
TGGTGCTGTGCTGTGGCATC,TGGTGCTGTGCTGTGGCATC,AGCATGGTGCTGTGCTGTGGCATCCGGAAC,CD81,0,0,903,3519,2649
TGGTGGTCTGCGGGTCATGG,TGGTGGTCTGCGGGTCATGG,AGGTTGGTGGTCTGCGGGTCATGGCGGAGC,CD81,0,0,193,625,600
TGTCAGCCACCAGCCCCGAA,AGTCAGCCACCAGCCCCGAA,AGCAAGTCAGCCACCAGCCCCGAAGGGAAG,EEF2,rU:dT,2,519,99,95
TGTCCAGAGCAGGTGGTCGG,TGTCCAGAGCAGGTGGTCGG,GCAGTGTCCAGAGCAGGTGGTCGGTGGCAT,EEF2,0,0,547,80,118
TGTCCATGATGGCGCGGATC,TGTCCATGATGGCGCGGATC,TTCTTGTCCATGATGGCGCGGATCTGGTCT,EEF2,0,0,123,28,2
TGTCCTCGGCCAGGCCGTCG,TGTCCTCGGCCAGGCCGTCG,TCGATGTCCTCGGCCAGGCCGTCGGGGAAG,EEF2,0,0,262,22,20
TGTCGAAGGGGTCTCCGGGC,TGTCGAAGGGGTCTCCGGGC,CTGTTGTCGAAGGGGTCTCCGGGCAGGATC,EEF2,0,0,345,83,29
TGTCTACCGTGAAGTTCACC,GGTCTACCGTGAAGTTCACC,ATCTGGTCTACCGTGAAGTTCACCTGGGCA,EEF2,rU:dC,2,942,232,217
TGTCTCCCAGCTCCAGATAC,TGTCTCCCAGCTCCAGATAC,GGCTTGTCTCCCAGCTCCAGATACAGGAGG,CD81,0,0,66,369,131
TGTCTCCCCGGCCCGGGCCG,TGTCTCCCCGGCCCGGGCCG,AGCGTGTCTCCCCGGCCCGGGCCGAGGCGA,EEF2,0,0,286,280,152
TGTGAAGCAGTTCTATGACC,TGTGAAGCAGTTCTATGACC,AGGATGTGAAGCAGTTCTATGACCAGGCCC,CD81,0,0,385,772,728
TGTGCACTCACCTACATAGA,TGTGCACTCACCTACATAGA,CACATGTGCACTCACCTACATAGAAGGTGT,CD81,0,0,28,60,17
TGTGCCTTGTGGGAACATTG,TGTGCCTTGTGGGAACATTG,AGGATGTGCCTTGTGGGAACATTGTGGGCC,EEF2,0,0,425,52,44
TGTGCTGATGATGAACAAGA,TGTGCTGATGATGAACAAGA,AGCCTGTGCTGATGATGAACAAGATGGACC,EEF2,0,0,493,33,2
TGTGGCCAAGTTCGCCGCCA,TGTGGCCAAGTTCGCCGCCA,TGTATGTGGCCAAGTTCGCCGCCAAGGGGG,EEF2,0,0,525,896,739
TGTGGTGGCCGGCTTCCAGT,TGTGGTGGCCGGCTTCCAGT,ACAGTGTGGTGGCCGGCTTCCAGTGGGCCA,EEF2,0,0,831,32,33
TGTTGTCAGAGTGGCCGTGG,TGTTGTCAGAGTGGCCGTGG,GCCCTGTTGTCAGAGTGGCCGTGGAGGCCA,EEF2,0,0,253,73,2
TTACATCATAAGAGGGCCTT,ATACATCATAAGAGGGCCTT,AAATATACATCATAAGAGGGCCTTTGGGGT,EEF2,rU:dT,2,405,629,193
TTACCGTCCCCAGCAGGCAC,TTACCGTCCCCAGCAGGCAC,TGCCTTACCGTCCCCAGCAGGCACTGGGAT,CD81,0,0,554,1813,1444
TTCAGCCCCTCCACCAGCTT,TTCAGCCCCTCCACCAGCTT,CCGCTTCAGCCCCTCCACCAGCTTGGGCAG,EEF2,0,0,967,129,57
TTCATCAAGCAGAGCAAGGA,TTCATCAAGCAGAGCAAGGA,GAACTTCATCAAGCAGAGCAAGGACGGTGC,EEF2,0,0,177,12,10
TTCCAGAACAATCTTGATGA,TTCCAGAACAATCTTGATGA,CTTCTTCCAGAACAATCTTGATGATGGGCC,EEF2,0,0,188,98,27
TTCCAGATCGATCCTGTCCT,TTCCAGATCGATCCTGTCCT,ACACTTCCAGATCGATCCTGTCCTCGGTAC,EEF2,0,0,498,108,111
TTCGAGGAGTCCCAGGTGGC,TTCGAGGAGTCCCAGGTGGC,CGTGTTCGAGGAGTCCCAGGTGGCCGGCAC,EEF2,0,0,225,164,65
TTCTGGGCCGTCACAGGGGA,TTCTGGGCCGTCACAGGGGA,GTACTTCTGGGCCGTCACAGGGGAGGGCAG,EEF2,0,0,340,121,65
TTCTTCCCAGGGGTATAGTT,TTCTTCCCAGGGGTATAGTT,CTCCTTCTTCCCAGGGGTATAGTTGGGCCC,EEF2,0,0,47,11,0
TTGCTGAACTTGCCGTTGGC,TTGCTGAACTTGCCGTTGGC,TGACTTGCTGAACTTGCCGTTGGCTGGGTC,EEF2,0,0,371,614,427
TTGGAAATATACATCATAAG,TTGGAAATATACATCATAAG,CATTTTGGAAATATACATCATAAGAGGGCC,EEF2,0,0,217,79,72
TTGGCTTCCTGGGCTGCTAC,TTGGCTTCCTGGGCTGCTAC,TTCGTTGGCTTCCTGGGCTGCTACGGGGCC,CD81,0,0,350,1173,914
TTGGGTCTGGCCTCCACGGG,TTGGGTCTGGCCTCCACGGG,GGCTTTGGGTCTGGCCTCCACGGGTGGGCC,EEF2,0,0,507,2407,2045
TTTCAGGCCCTTGCGCTTGC,TTTCAGGCCCTTGCGCTTGC,CTTCTTTCAGGCCCTTGCGCTTGCGGGTCT,EEF2,0,0,1230,842,788
TTTGCCTGTGAGGTGGCCGC,TTTGCCTGTGAGGTGGCCGC,CCTGTTTGCCTGTGAGGTGGCCGCCGGCAT,CD81,0,0,315,731,859
TTTGTCCAGGAAGTTGTCCA,TTTGTCCAGGAAGTTGTCCA,ACAATTTGTCCAGGAAGTTGTCCAGGGCAG,EEF2,0,0,390,230,240